Workbook

Sheet اقرأني
A1: مراجعة لغة صقّور — للمعلّمة / المعلّم Saqqour language review, for the Arabic teacher
A2: شكرًا لمساعدتك! صقّور مساعد ذكاء اصطناعي يعلّم الأطفال العربية. نريد التأكد أن كل جملة يقولها صحيحة وطبيعية. Thank you for helping! Saqqour is an AI helper that teaches children Arabic. We want every line it says to be correct and natural.
A3: القاعدة الأساسية The core rule
A4: كلام صقّور المنطوق يكون باللهجة اليومية التي اختارها الطفل. القراءة والكتابة تكون بالفصحى. لا نخلط اللهجة والفصحى في الجملة الواحدة أبدًا. Spoken lines are in the everyday dialect the child chose. Reading and writing are in Fusha. Dialect and Fusha are never mixed in one line.
A5: كيف تراجع كل سطر How to review each line
A6: 1. اختر من عمود «الحالة» القائمة المنسدلة: ✔ سليم · ✖ يحتاج تصحيح · ? غير متأكد 1. In the Status column pick from the dropdown: ✔ ok · ✖ fix · ? unsure
A7: 2. إذا اخترت ✖ اكتب الجملة الصحيحة في عمود «الجملة المصحّحة» (بالتشكيل إن أمكن). 2. If you choose ✖, write the corrected line in the Corrected line column (with vowel marks if you can).
A8: 3. في «ملاحظات المعلّم» اذكر إن كانت كلمة من لهجة أخرى، أو إن كانت الفصحى غير صحيحة، أو إن كان صيغة الولد/البنت خطأ. 3. In Teacher notes, say if a word is from the wrong dialect, if the Fusha is wrong, or if the boy/girl form is wrong.
A9: 4. الأسطر المظللة بالأصفر (أولوية) هي التي نحن غير متأكدين منها أكثر، ابدأ بها من فضلك. عمود «سبب المراجعة» يشرح شكّنا. 4. Yellow rows (priority) are the ones we are least sure about; please start with them. The "Why flagged" column explains our doubt.
A10: ما في الملف What is in this file
A11: • ورقة لكل لهجة (الإماراتية، السعودية، اللبنانية، السورية، الأردنية، المصرية) وورقة للفصحى: جمل الصفحة الرئيسية، جمل الدرس، الرد على الأسئلة خارج العربية، الرفض اللطيف، وجمل مساعد الواجب. • One sheet per dialect plus Fusha: home-screen lines, lesson lines, off-topic redirects, gentle refusals and homework-helper lines.
A12: • «ردود حية»: ردود حقيقية من صقّور على رسائل تجريبية لأطفال (لا توجد أسماء حقيقية). • "Live replies": real replies from Saqqour to test messages written as a child would (no real names).
... A22: • في الأوراق الجديدة أيضًا: اختر ✔ أو ✖ أو ? من عمود «الحالة»، واكتب التصحيح في عمود «الجملة المصحّحة» (المظلّل بالأخضر الفاتح). • In the new sheets too: pick ✔ / ✖ / ? in Status and write your correction in the Corrected line column (light green).

Sheet الملخص
A1: الورقة Sheet | B1: عدد الأسطر Rows | C1: أولوية ★ Priority | D1: ✔ سليم ok | E1: ✖ تصحيح fix | F1: ? غير متأكد unsure | G1: لم يُراجع بعد not reviewed yet
A2: الإماراتية (Emirati) | B2: 120 | C2: 4 | D2: =COUNTIF('الإماراتية'!H2:H121,"✔") | E2: =COUNTIF('الإماراتية'!H2:H121,"✖") | F2: =COUNTIF('الإماراتية'!H2:H121,"?") | G2: =B2-D2-E2-F2
A3: السعودية (Saudi) | B3: 134 | C3: 24 | D3: =COUNTIF('السعودية'!H2:H135,"✔") | E3: =COUNTIF('السعودية'!H2:H135,"✖") | F3: =COUNTIF('السعودية'!H2:H135,"?") | G3: =B3-D3-E3-F3
A4: اللبنانية (Lebanese) | B4: 118 | C4: 4 | D4: =COUNTIF('اللبنانية'!H2:H119,"✔") | E4: =COUNTIF('اللبنانية'!H2:H119,"✖") | F4: =COUNTIF('اللبنانية'!H2:H119,"?") | G4: =B4-D4-E4-F4
A5: السورية (Syrian) | B5: 160 | C5: 94 | D5: =COUNTIF('السورية'!H2:H161,"✔") | E5: =COUNTIF('السورية'!H2:H161,"✖") | F5: =COUNTIF('السورية'!H2:H161,"?") | G5: =B5-D5-E5-F5
A6: الأردنية (Jordanian) | B6: 201 | C6: 136 | D6: =COUNTIF('الأردنية'!H2:H202,"✔") | E6: =COUNTIF('الأردنية'!H2:H202,"✖") | F6: =COUNTIF('الأردنية'!H2:H202,"?") | G6: =B6-D6-E6-F6
A7: المصرية (Egyptian) | B7: 121 | C7: 5 | D7: =COUNTIF('المصرية'!H2:H122,"✔") | E7: =COUNTIF('المصرية'!H2:H122,"✖") | F7: =COUNTIF('المصرية'!H2:H122,"?") | G7: =B7-D7-E7-F7
A8: الفصحى (Fusha) | B8: 129 | C8: 0 | D8: =COUNTIF('الفصحى'!H2:H130,"✔") | E8: =COUNTIF('الفصحى'!H2:H130,"✖") | F8: =COUNTIF('الفصحى'!H2:H130,"?") | G8: =B8-D8-E8-F8
A9: ردود حية (Live replies) | B9: 30 | C9: 0 | D9: =COUNTIF('ردود حية'!F2:F31,"✔") | E9: =COUNTIF('ردود حية'!F2:F31,"✖") | F9: =COUNTIF('ردود حية'!F2:F31,"?") | G9: =B9-D9-E9-F9
A10: السلامة (Safety) | B10: 49 | C10: 0 | D10: =COUNTIF('السلامة'!G3:G51,"✔") | E10: =COUNTIF('السلامة'!G3:G51,"✖") | F10: =COUNTIF('السلامة'!G3:G51,"?") | G10: =B10-D10-E10-F10
A11: قواعد - الشرح (Grammar: explanations) | B11: 620 | C11: 391 | D11: =COUNTIF('قواعد - الشرح'!I2:I621,"✔") | E11: =COUNTIF('قواعد - الشرح'!I2:I621,"✖") | F11: =COUNTIF('قواعد - الشرح'!I2:I621,"?") | G11: =B11-D11-E11-F11
A12: قواعد - الألعاب (Grammar: game items) | B12: 104 | C12: 34 | D12: =COUNTIF('قواعد - الألعاب'!K2:K105,"✔") | E12: =COUNTIF('قواعد - الألعاب'!K2:K105,"✖") | F12: =COUNTIF('قواعد - الألعاب'!K2:K105,"?") | G12: =B12-D12-E12-F12
A13: مشاهد المحادثة (v20 talk scenes) | B13: 430 | C13: 0 | D13: =COUNTIF('مشاهد المحادثة'!H2:H431,"✔") | E13: =COUNTIF('مشاهد المحادثة'!H2:H431,"✖") | F13: =COUNTIF('مشاهد المحادثة'!H2:H431,"?") | G13: =B13-D13-E13-F13
A14: النطق (Pronunciation tips + feedback) | B14: 114 | C14: 0 | D14: =COUNTIF('النطق'!G2:G115,"✔") | E14: =COUNTIF('النطق'!G2:G115,"✖") | F14: =COUNTIF('النطق'!G2:G115,"?") | G14: =B14-D14-E14-F14
A15: القراءة لصقور (Read-aloud feedback) | B15: 15 | C15: 0 | D15: =COUNTIF('القراءة لصقور'!F2:F16,"✔") | E15: =COUNTIF('القراءة لصقور'!F2:F16,"✖") | F15: =COUNTIF('القراءة لصقور'!F2:F16,"?") | G15: =B15-D15-E15-F15
A16: المراجعة (Review prompts) | B16: 24 | C16: 0 | D16: =COUNTIF('المراجعة'!G2:G25,"✔") | E16: =COUNTIF('المراجعة'!G2:G25,"✖") | F16: =COUNTIF('المراجعة'!G2:G25,"?") | G16: =B16-D16-E16-F16
A17: الدروس والجزر (Topic to island (grade band)) | B17: 16 | C17: 0 | D17: =COUNTIF('الدروس والجزر'!F2:F17,"✔") | E17: =COUNTIF('الدروس والجزر'!F2:F17,"✖") | F17: =COUNTIF('الدروس والجزر'!F2:F17,"?") | G17: =B17-D17-E17-F17
A18: المجموع (Total) | B18: =SUM(B2:B17) | C18: =SUM(C2:C17) | D18: =SUM(D2:D17) | E18: =SUM(E2:E17) | F18: =SUM(F2:F17) | G18: =SUM(G2:G17)

Sheet الإماراتية
A1: الرقم ID | B1: أين تظهر Where it appears | C1: ولد / بنت Boy / girl | D1: الجملة The line | E1: المعنى English meaning | F1: أولوية Priority | G1: سبب المراجعة Why flagged | H1: الحالة Status | I1: الجملة المصحّحة Corrected line | J1: ملاحظات المعلّم Teacher notes
A2: u13.d0 | B2: محتوى الدرس Lesson content | C2: للجميع both | D2: عَرِّفِينَا عَن نَفْسِج يَا نُورَة. | E2: Tell us about yourself, Noura. | F2: ★ | G2: review L: عرّفينا بنفسج is a Fusha calque; عن نفسج is natural
A3: u14.d1 | B3: محتوى الدرس Lesson content | C3: للجميع both | D3: رَاسِي يْعَوِّرْنِي وِأَنَا تَعْبَان. | E3: My head hurts and I'm tired. | F3: ★ | G3: review M: As u14.v4
A4: u14.v4 | B4: محتوى الدرس Lesson content | C4: للجميع both | D4: رَاسِي يْعَوِّرْنِي | E4: my head hurts | F4: ★ | G4: review M: Emirati kids say يعوّرني; يوجّعني is less common in UAE speech [S4,S8]
A5: u16.d0 | B5: محتوى الدرس Lesson content | C5: للجميع both | D5: شُو بِتْسَوِّين آخِر الأُسْبُوع؟ | E5: What will you do at the weekend? | F5: ★ | G5: review M: نهاية الأسبوع is Fusha phrasing; speech uses آخر الأسبوع / الويكند
A6: falcon.greet | B6: الصَّفْحَةُ الرَّئِيسِيَّةُ (صَقُّور) Falcon home | C6: ولد boy | D6: هَلَا {name}! شَحَالَك اليُوم؟ | E6: Hi {name}! How are you today?
A7: falcon.greet | B7: الصَّفْحَةُ الرَّئِيسِيَّةُ (صَقُّور) Falcon home | C7: بنت girl | D7: هَلَا {name}! شَحَالِج اليُوم؟ | E7: Hi {name}! How are you today?
A8: falcon.ai | B8: الصَّفْحَةُ الرَّئِيسِيَّةُ (صَقُّور) Falcon home | C8: للجميع both | D8: تَرَى أَنَا مُسَاعِد ذَكَاء اصْطِنَاعِي، مُب إِنْسَان. | E8: I'm an AI helper, not a person.
A9: falcon.sug_letter | B9: الصَّفْحَةُ الرَّئِيسِيَّةُ (صَقُّور) Falcon home | C9: ولد boy | D9: شُو رَايَك نِتْدَرَّب عَلَى هَالحَرْف؟ | E9: How about we practise this letter?
A10: falcon.sug_letter | B10: الصَّفْحَةُ الرَّئِيسِيَّةُ (صَقُّور) Falcon home | C10: بنت girl | D10: شُو رَايِج نِتْدَرَّب عَلَى هَالحَرْف؟ | E10: How about we practise this letter?
A11: falcon.sug_story | B11: الصَّفْحَةُ الرَّئِيسِيَّةُ (صَقُّور) Falcon home | C11: ولد boy | D11: وَلَّا تَبَا قِصَّة؟ | E11: Or do you want a story?
A12: falcon.sug_story | B12: الصَّفْحَةُ الرَّئِيسِيَّةُ (صَقُّور) Falcon home | C12: بنت girl | D12: وَلَّا تَبِين قِصَّة؟ | E12: Or do you want a story?
A13: falcon.sug_wordle | B13: الصَّفْحَةُ الرَّئِيسِيَّةُ (صَقُّور) Falcon home | C13: ولد boy | D13: كَلِمَة اليُوم تِنْطِرك! | E13: Today's word is waiting for you!
A14: falcon.sug_wordle | B14: الصَّفْحَةُ الرَّئِيسِيَّةُ (صَقُّور) Falcon home | C14: بنت girl | D14: كَلِمَة اليُوم تِنْطِرج! | E14: Today's word is waiting for you!
A15: falcon.sug_game | B15: الصَّفْحَةُ الرَّئِيسِيَّةُ (صَقُّور) Falcon home | C15: ولد boy | D15: تَبَا لُعْبَة سَرِيعَة؟ | E15: Want a quick game?
A16: falcon.sug_game | B16: الصَّفْحَةُ الرَّئِيسِيَّةُ (صَقُّور) Falcon home | C16: بنت girl | D16: تَبِين لُعْبَة سَرِيعَة؟ | E16: Want a quick game?
A17: falcon.sug_dress | B17: الصَّفْحَةُ الرَّئِيسِيَّةُ (صَقُّور) Falcon home | C17: ولد boy | D17: عِنْدِي لِبْس جِدِيد! تَبَا تْشُوفَه؟ | E17: I have something new to wear!
... A121: refuse.other | B121: رَفْضٌ لَطِيفٌ (مَعْلُومَات خَاصَّة / مَوْضُوع غَيْر مُنَاسِب) Gentle refusal (private info / unsuitable topic) | C121: للجميع both | D121: أَنَا بَسّ أَسَاعِد فِي العَرَبِي. يَلَّا نْكَمِّل الدَّرْس! | E121: I can only help with Arabic, so let's carry on with the lesson!

Sheet السعودية
A1: الرقم ID | B1: أين تظهر Where it appears | C1: ولد / بنت Boy / girl | D1: الجملة The line | E1: المعنى English meaning | F1: أولوية Priority | G1: سبب المراجعة Why flagged | H1: الحالة Status | I1: الجملة المصحّحة Corrected line | J1: ملاحظات المعلّم Teacher notes
A2: dd.saudi.2 | B2: محتوى الدرس Lesson content | C2: للجميع both | D2: وِش تَبِين تْسَوِّين الحِين؟ | F2: ★ | G2: Najdi أبي/تبي
A3: dd.saudi.3 | B3: محتوى الدرس Lesson content | C3: للجميع both | D3: أَبِي أَقْرَا قِصَّة، مَرَّة حِلْوَة! | F3: ★ | G3: Najdi أبي/تبي
A4: quiz.detective.3 | B4: محتوى الدرس Lesson content | C4: للجميع both | D4: وِش عُلُومَك؟ وِش تَبِي الحِين؟ | F4: ★ | G4: Najdi أبي/تبي
A5: quiz.fusha.0.3 | B5: محتوى الدرس Lesson content | C5: للجميع both | D5: وِش تَبِي؟ | F5: ★ | G5: Najdi أبي/تبي
A6: u1.d1 | B6: محتوى الدرس Lesson content | C6: للجميع both | D6: صَبَاح النُّور! شْلُونَك؟ | E6: Good morning! How are you? | F6: ★ | G6: review M: كيف حالك is near-Fusha; شلونك/كيفك are everyday Najdi
A7: u11.d0 | B7: محتوى الدرس Lesson content | C7: للجميع both | D7: لَو سَمَحْت، أَبِي عَصِير بُرْتُقَال. | E7: Excuse me, I'd like an orange juice. | F7: ★ | G7: Najdi أبي
A8: u11.d1 | B8: محتوى الدرس Lesson content | C8: للجميع both | D8: أَبْشِر. تَبِي شَي ثَانِي؟ | E8: Sure. Anything else? | F8: ★ | G8: Najdi تبي
A9: u11.v4 | B9: محتوى الدرس Lesson content | C9: للجميع both | D9: أَبِي | E9: I want | F9: ★ | G9: Najdi "I want" is أبي; أبغى is Hijazi
A10: u12.d1 | B10: محتوى الدرس Lesson content | C10: للجميع both | D10: بِنِلْبَس الثُّوب وَنِرْفَع العَلَم. | E10: We'll wear the kandura and raise the flag. | F10: ★ | G10: review M: Najdi future = بـ prefix (بنظّف/بجي); رَاح is Hijazi/Levantine. App is labelled Saudi but mixes Najdi + Hijazi [S2,S3,S12]
A11: u12.d2 | B11: محتوى الدرس Lesson content | C11: للجميع both | D11: وَأَنَا بَرْسِم عَلَم الإِمَارَات. | E11: And I'll draw the UAE flag. | F11: ★ | G11: review M: Najdi future = بـ prefix (بنظّف/بجي); رَاح is Hijazi/Levantine. App is labelled Saudi but mixes Najdi + Hijazi [S2,S3,S12]
A12: u13.d3 | B12: محتوى الدرس Lesson content | C12: للجميع both | D12: مُمْتَاز! وِش تَبِين تْصِيرِين إِذَا كِبَرْتِي؟ | E12: Excellent! What do you want to be when you grow up? | F12: ★ | G12: review L: لمّا is Hijazi/Levantine; Najdi uses إذا/يوم + past; تبين common in Riyadh
A13: u13.d4 | B13: محتوى الدرس Lesson content | C13: للجميع both | D13: أَبِي أَصِير دَكْتُورَة. | E13: I want to be a doctor. | F13: ★ | G13: Najdi أبي
A14: u14.d1 | B14: محتوى الدرس Lesson content | C14: للجميع both | D14: رَاسِي يْعَوِّرْنِي وَأَنَا تَعْبَان. | E14: My head hurts and I'm tired. | F14: ★ | G14: review M: As u14.v4
A15: u14.d2 | B15: محتوى الدرس Lesson content | C15: للجميع both | D15: لَازِم تِشْرَب مُوَيَّة وَتِرْتَاح. | E15: You should drink water and rest. | F15: ★ | G15: مويّة spelling, as in the u7.v1 correction
A16: u14.v4 | B16: محتوى الدرس Lesson content | C16: للجميع both | D16: رَاسِي يْعَوِّرْنِي | E16: my head hurts | F16: ★ | G16: review M: Gulf/Najdi kids say يعوّرني (it hurts me); يوجعني is fine but more formal-sounding
A17: u16.d0 | B17: محتوى الدرس Lesson content | C17: للجميع both | D17: وِش بِتْسَوِّين آخِر الأُسْبُوع؟ | E17: What will you do at the weekend? | F17: ★ | G17: review M: Najdi future = بـ prefix (بنظّف/بجي); رَاح is Hijazi/Levantine. App is labelled Saudi but mixes Najdi + Hijazi [S2,S3,S12]
... A25: u7.v1 | B25: محتوى الدرس Lesson content | C25: للجميع both | D25: مُوَيَّة | E25: water | F25: ★ | G25: review M: Spelling: Najdi مويّه/موية (muwayya); مُوِيَه has wrong vowels [S3]
A26: falcon.greet | B26: الصَّفْحَةُ الرَّئِيسِيَّةُ (صَقُّور) Falcon home | C26: ولد boy | D26: هَلَا {name}! كَيْفَك اليُوم؟ | E26: Hi {name}! How are you today?
A27: falcon.greet | B27: الصَّفْحَةُ الرَّئِيسِيَّةُ (صَقُّور) Falcon home | C27: بنت girl | D27: هَلَا {name}! كَيْفِك اليُوم؟ | E27: Hi {name}! How are you today?
A28: falcon.ai | B28: الصَّفْحَةُ الرَّئِيسِيَّةُ (صَقُّور) Falcon home | C28: للجميع both | D28: تَرَى أَنَا مُسَاعِد ذَكَاء اصْطِنَاعِي، مُو إِنْسَان. | E28: I'm an AI helper, not a person.
A29: falcon.sug_letter | B29: الصَّفْحَةُ الرَّئِيسِيَّةُ (صَقُّور) Falcon home | C29: ولد boy | D29: وِش رَايَك نِتْدَرَّب عَلَى هَالحَرْف؟ | E29: How about we practise this letter?
A30: falcon.sug_letter | B30: الصَّفْحَةُ الرَّئِيسِيَّةُ (صَقُّور) Falcon home | C30: بنت girl | D30: وِش رَايِك نِتْدَرَّب عَلَى هَالحَرْف؟ | E30: How about we practise this letter?
A31: falcon.sug_story | B31: الصَّفْحَةُ الرَّئِيسِيَّةُ (صَقُّور) Falcon home | C31: ولد boy | D31: وَلَّا تَبْغَى قِصَّة؟ | E31: Or do you want a story?
A32: falcon.sug_story | B32: الصَّفْحَةُ الرَّئِيسِيَّةُ (صَقُّور) Falcon home | C32: بنت girl | D32: وَلَّا تَبْغِين قِصَّة؟ | E32: Or do you want a story?
A33: falcon.sug_wordle | B33: الصَّفْحَةُ الرَّئِيسِيَّةُ (صَقُّور) Falcon home | C33: للجميع both | D33: كِلْمَة اليُوم تِنْتِظْرك! | E33: Today's word is waiting for you!
A34: falcon.sug_game | B34: الصَّفْحَةُ الرَّئِيسِيَّةُ (صَقُّور) Falcon home | C34: ولد boy | D34: تَبْغَى لُعْبَة سَرِيعَة؟ | E34: Want a quick game?
A35: falcon.sug_game | B35: الصَّفْحَةُ الرَّئِيسِيَّةُ (صَقُّور) Falcon home | C35: بنت girl | D35: تَبْغِين لُعْبَة سَرِيعَة؟ | E35: Want a quick game?
A36: falcon.sug_dress | B36: الصَّفْحَةُ الرَّئِيسِيَّةُ (صَقُّور) Falcon home | C36: ولد boy | D36: عِنْدِي لِبْس جْدِيد! تَبْغَى تْشُوفَه؟ | E36: I have something new to wear!
A37: falcon.sug_dress | B37: الصَّفْحَةُ الرَّئِيسِيَّةُ (صَقُّور) Falcon home | C37: بنت girl | D37: عِنْدِي لِبْس جْدِيد! تَبْغِين تْشُوفِينَه؟ | E37: I have something new to wear!
... A135: refuse.other | B135: رَفْضٌ لَطِيفٌ (مَعْلُومَات خَاصَّة / مَوْضُوع غَيْر مُنَاسِب) Gentle refusal (private info / unsuitable topic) | C135: للجميع both | D135: أَنَا بَسّ أَسَاعِد فِي العَرَبِي. يَلَّا نْكَمِّل الدَّرْس! | E135: I can only help with Arabic, so let's carry on with the lesson!

Sheet اللبنانية
A1: الرقم ID | B1: أين تظهر Where it appears | C1: ولد / بنت Boy / girl | D1: الجملة The line | E1: المعنى English meaning | F1: أولوية Priority | G1: سبب المراجعة Why flagged | H1: الحالة Status | I1: الجملة المصحّحة Corrected line | J1: ملاحظات المعلّم Teacher notes
A2: u13.v4 | B2: محتوى الدرس Lesson content | C2: للجميع both | D2: بْيِسْتِحِي | E2: shy | F2: ★ | G2: review L: خجول is Fusha-ish; Lebanese kids say بيستحي / خجلان
A3: u15.d3 | B3: محتوى الدرس Lesson content | C3: للجميع both | D3: كَان الجَوّ بَارِد؟ | E3: Was the weather cold? | F3: ★ | G3: الطقس is formal; everyday الجو (same fix as Jordanian)
A4: u7.d2 | B4: محتوى الدرس Lesson content | C4: للجميع both | D4: طَيِّب! وْبَدِّي مَيّ بَارْدِة. | E4: Great! And I want cold water. | F4: ★ | G4: review M: عظيم is formal/Fusha-ish as an exclamation; طيّب / منيح is natural
A5: u8.v1 | B5: محتوى الدرس Lesson content | C5: للجميع both | D5: المِسّ | E5: teacher (f) | F5: ★ | G5: review M: Levantine schoolchildren call the teacher المِسّ or الآنسة; معلّمة is correct but not what kids say
A6: falcon.greet | B6: الصَّفْحَةُ الرَّئِيسِيَّةُ (صَقُّور) Falcon home | C6: ولد boy | D6: مَرْحَبا {name}! كِيفَك اليُوم؟ | E6: Hi {name}! How are you today?
A7: falcon.greet | B7: الصَّفْحَةُ الرَّئِيسِيَّةُ (صَقُّور) Falcon home | C7: بنت girl | D7: مَرْحَبا {name}! كِيفِك اليُوم؟ | E7: Hi {name}! How are you today?
A8: falcon.ai | B8: الصَّفْحَةُ الرَّئِيسِيَّةُ (صَقُّور) Falcon home | C8: للجميع both | D8: عَلَى فِكْرَة أَنَا مْسَاعِد ذَكَاء اصْطِنَاعِي، مِش إِنْسَان. | E8: I'm an AI helper, not a person.
A9: falcon.sug_letter | B9: الصَّفْحَةُ الرَّئِيسِيَّةُ (صَقُّور) Falcon home | C9: ولد boy | D9: شُو رَأْيَك نِتْمَرَّن عَلَى هَالحَرْف؟ | E9: How about we practise this letter?
A10: falcon.sug_letter | B10: الصَّفْحَةُ الرَّئِيسِيَّةُ (صَقُّور) Falcon home | C10: بنت girl | D10: شُو رَأْيِك نِتْمَرَّن عَلَى هَالحَرْف؟ | E10: How about we practise this letter?
A11: falcon.sug_story | B11: الصَّفْحَةُ الرَّئِيسِيَّةُ (صَقُّور) Falcon home | C11: ولد boy | D11: وَلَّا بَدَّك قِصَّة؟ | E11: Or do you want a story?
A12: falcon.sug_story | B12: الصَّفْحَةُ الرَّئِيسِيَّةُ (صَقُّور) Falcon home | C12: بنت girl | D12: وَلَّا بَدِّك قِصَّة؟ | E12: Or do you want a story?
A13: falcon.sug_wordle | B13: الصَّفْحَةُ الرَّئِيسِيَّةُ (صَقُّور) Falcon home | C13: ولد boy | D13: كِلْمِة اليُوم عَم تِسْتَنَّاك! | E13: Today's word is waiting for you!
A14: falcon.sug_wordle | B14: الصَّفْحَةُ الرَّئِيسِيَّةُ (صَقُّور) Falcon home | C14: بنت girl | D14: كِلْمِة اليُوم عَم تِسْتَنَّاكِي! | E14: Today's word is waiting for you!
A15: falcon.sug_game | B15: الصَّفْحَةُ الرَّئِيسِيَّةُ (صَقُّور) Falcon home | C15: ولد boy | D15: بَدَّك لِعْبِة سَرِيعَة؟ | E15: Want a quick game?
A16: falcon.sug_game | B16: الصَّفْحَةُ الرَّئِيسِيَّةُ (صَقُّور) Falcon home | C16: بنت girl | D16: بَدِّك لِعْبِة سَرِيعَة؟ | E16: Want a quick game?
A17: falcon.sug_dress | B17: الصَّفْحَةُ الرَّئِيسِيَّةُ (صَقُّور) Falcon home | C17: ولد boy | D17: عِنْدِي تْيَاب جْدِيدِة! بَدَّك تْشُوفُن؟ | E17: I have something new to wear!
... A119: refuse.other | B119: رَفْضٌ لَطِيفٌ (مَعْلُومَات خَاصَّة / مَوْضُوع غَيْر مُنَاسِب) Gentle refusal (private info / unsuitable topic) | C119: للجميع both | D119: أَنَا بْسَاعِد بَسّ بِالعَرَبِي. يَلَّا نْكَمِّل الدَّرْس! | E119: I can only help with Arabic, so let's carry on with the lesson!

Sheet السورية
A1: الرقم ID | B1: أين تظهر Where it appears | C1: ولد / بنت Boy / girl | D1: الجملة The line | E1: المعنى English meaning | F1: أولوية Priority | G1: سبب المراجعة Why flagged | H1: الحالة Status | I1: الجملة المصحّحة Corrected line | J1: ملاحظات المعلّم Teacher notes
A2: falcon.greet | B2: الصَّفْحَةُ الرَّئِيسِيَّةُ (صَقُّور) Falcon home | C2: ولد boy | D2: أَهْلِين {name}! شْلُونَك اليُوم؟ | E2: Hi {name}! How are you today? | F2: ★ | G2: new v16 falcon-home line, written from the Levantine guidance (not native-checked)
A3: falcon.greet | B3: الصَّفْحَةُ الرَّئِيسِيَّةُ (صَقُّور) Falcon home | C3: بنت girl | D3: أَهْلِين {name}! شْلُونِك اليُوم؟ | E3: Hi {name}! How are you today? | F3: ★ | G3: new v16 falcon-home line, written from the Levantine guidance (not native-checked)
A4: falcon.ai | B4: الصَّفْحَةُ الرَّئِيسِيَّةُ (صَقُّور) Falcon home | C4: للجميع both | D4: عَلَى فِكْرَة أَنَا مْسَاعِد ذَكَاء اصْطِنَاعِي، مُو إِنْسَان. | E4: I'm an AI helper, not a person. | F4: ★ | G4: new v16 falcon-home line, written from the Levantine guidance (not native-checked)
A5: falcon.sug_letter | B5: الصَّفْحَةُ الرَّئِيسِيَّةُ (صَقُّور) Falcon home | C5: ولد boy | D5: شُو بْتْقُول نِتْدَرَّب عَلَى هَالحَرْف شْوَي؟ | E5: How about we practise this letter? | F5: ★ | G5: new v16 falcon-home line, written from the Levantine guidance (not native-checked)
A6: falcon.sug_letter | B6: الصَّفْحَةُ الرَّئِيسِيَّةُ (صَقُّور) Falcon home | C6: بنت girl | D6: شُو بْتْقُولِي نِتْدَرَّب عَلَى هَالحَرْف شْوَي؟ | E6: How about we practise this letter? | F6: ★ | G6: new v16 falcon-home line, written from the Levantine guidance (not native-checked)
A7: falcon.sug_story | B7: الصَّفْحَةُ الرَّئِيسِيَّةُ (صَقُّور) Falcon home | C7: ولد boy | D7: وَلَّا بَدَّك قِصَّة حِلْوِة؟ | E7: Or do you want a story? | F7: ★ | G7: new v16 falcon-home line, written from the Levantine guidance (not native-checked)
A8: falcon.sug_story | B8: الصَّفْحَةُ الرَّئِيسِيَّةُ (صَقُّور) Falcon home | C8: بنت girl | D8: وَلَّا بَدِّك قِصَّة حِلْوِة؟ | E8: Or do you want a story? | F8: ★ | G8: new v16 falcon-home line, written from the Levantine guidance (not native-checked)
A9: falcon.sug_wordle | B9: الصَّفْحَةُ الرَّئِيسِيَّةُ (صَقُّور) Falcon home | C9: ولد boy | D9: كِلْمِة اليُوم نَاطْرْتَك! | E9: Today's word is waiting for you! | F9: ★ | G9: new v16 falcon-home line, written from the Levantine guidance (not native-checked)
A10: falcon.sug_wordle | B10: الصَّفْحَةُ الرَّئِيسِيَّةُ (صَقُّور) Falcon home | C10: بنت girl | D10: كِلْمِة اليُوم نَاطْرْتِك! | E10: Today's word is waiting for you! | F10: ★ | G10: new v16 falcon-home line, written from the Levantine guidance (not native-checked)
A11: falcon.sug_game | B11: الصَّفْحَةُ الرَّئِيسِيَّةُ (صَقُّور) Falcon home | C11: ولد boy | D11: بَدَّك لِعْبِة سَرِيعَة هَلَّأ؟ | E11: Want a quick game? | F11: ★ | G11: new v16 falcon-home line, written from the Levantine guidance (not native-checked)
A12: falcon.sug_game | B12: الصَّفْحَةُ الرَّئِيسِيَّةُ (صَقُّور) Falcon home | C12: بنت girl | D12: بَدِّك لِعْبِة سَرِيعَة هَلَّأ؟ | E12: Want a quick game? | F12: ★ | G12: new v16 falcon-home line, written from the Levantine guidance (not native-checked)
A13: falcon.sug_dress | B13: الصَّفْحَةُ الرَّئِيسِيَّةُ (صَقُّور) Falcon home | C13: ولد boy | D13: عِنْدِي تْيَاب جْدَاد! بَدَّك تْشُوفُن؟ | E13: I have something new to wear! | F13: ★ | G13: new v16 falcon-home line, written from the Levantine guidance (not native-checked)
... A95: falcon-v16.win | B95: الصفحة الرئيسية (صقّور) Falcon home | C95: بنت girl | D95: يِسْلَمُوا إِيدَيْكِي! كْتِير شَاطْرَة! / بْرَافُو عَلَيْكِي! عْمِلْتِيهَا! | E95: Brilliant! You did it! | F95: ★ | G95: new v16 falcon-home line, written from the Levantine guidance (not native-checked)
A96: falcon.win.1 | B96: الصَّفْحَةُ الرَّئِيسِيَّةُ (صَقُّور) Falcon home | C96: ولد boy | D96: يِسْلَمُوا إِيدَيْك! كْتِير شَاطِر! | E96: Brilliant! You did it!
A97: falcon.win.1 | B97: الصَّفْحَةُ الرَّئِيسِيَّةُ (صَقُّور) Falcon home | C97: بنت girl | D97: يِسْلَمُوا إِيدَيْكِي! كْتِير شَاطْرَة! | E97: Brilliant! You did it!
A98: falcon.win.2 | B98: الصَّفْحَةُ الرَّئِيسِيَّةُ (صَقُّور) Falcon home | C98: ولد boy | D98: بْرَافُو عَلَيْك! عْمِلْتَهَا! | E98: Brilliant! You did it!
A99: falcon.win.2 | B99: الصَّفْحَةُ الرَّئِيسِيَّةُ (صَقُّور) Falcon home | C99: بنت girl | D99: بْرَافُو عَلَيْكِي! عْمِلْتِيهَا! | E99: Brilliant! You did it!
A100: lesson.intro | B100: الدَّرْسُ مَعَ صَقُّور Lesson with Saqqour | C100: للجميع both | D100: مَرْحَبا {name}! أَنَا صَقُّور، المْسَاعِد الذَّكِي تَبَعك. أَنَا ذَكَاء اصْطِنَاعِي، مِش إِنْسَان. يَلَّا نِتْعَلَّم عَرَبِي! | E100: Hi {name}! I'm Saqqour, your AI tutor. I'm a computer helper, not a person. Let's learn Arabic together!
A101: lesson.greet | B101: الدَّرْسُ مَعَ صَقُّور Lesson with Saqqour | C101: ولد boy | D101: مَرْحَبا {name}! كِيفَك اليُوم؟ | E101: Hi {name}! How are you today?
A102: lesson.greet | B102: الدَّرْسُ مَعَ صَقُّور Lesson with Saqqour | C102: بنت girl | D102: مَرْحَبا {name}! كِيفِك اليُوم؟ | E102: Hi {name}! How are you today?
A103: lesson.mood_good | B103: الدَّرْسُ مَعَ صَقُّور Lesson with Saqqour | C103: للجميع both | D103: كْتِير مْنِيح! يَلَّا نِبْلُش. | E103: Great! Then let's go.
A104: lesson.mood_tired | B104: الدَّرْسُ مَعَ صَقُّور Lesson with Saqqour | C104: للجميع both | D104: مَا في مُشْكِلِة، رَح نَعْمِل شِي خَفِيف وْقَصِير. | E104: That's okay. We'll do something short and easy today.
A105: lesson.mood_excited | B105: الدَّرْسُ مَعَ صَقُّور Lesson with Saqqour | C105: للجميع both | D105: يِسْلَمُو! بْحِبّ هَالحَمَاس. يَلَّا! | E105: Yay! I love that energy. Let's go!
A106: lesson.plan | B106: الدَّرْسُ مَعَ صَقُّور Lesson with Saqqour | C106: للجميع both | D106: اليُوم رَح نْقَوِّي {skill}. | E106: Today's power-up is . I picked it from your practice.
A107: lesson.review | B107: الدَّرْسُ مَعَ صَقُّور Lesson with Saqqour | C107: ولد boy | D107: مِتْذَكِّر هَالكِلْمِة؟ كَانِت صَعْبِة شْوَي. | E107: Remember this word? It was a bit tricky last time.
... A161: refuse.other | B161: رَفْضٌ لَطِيفٌ (مَعْلُومَات خَاصَّة / مَوْضُوع غَيْر مُنَاسِب) Gentle refusal (private info / unsuitable topic) | C161: للجميع both | D161: أَنَا بْسَاعِد بَسّ بِالعَرَبِي. يَلَّا نْكَمِّل الدَّرْس! | E161: I can only help with Arabic, so let's carry on with the lesson!

Sheet الأردنية
A1: الرقم ID | B1: أين تظهر Where it appears | C1: ولد / بنت Boy / girl | D1: الجملة The line | E1: المعنى English meaning | F1: أولوية Priority | G1: سبب المراجعة Why flagged | H1: الحالة Status | I1: الجملة المصحّحة Corrected line | J1: ملاحظات المعلّم Teacher notes
A2: falcon.greet | B2: الصَّفْحَةُ الرَّئِيسِيَّةُ (صَقُّور) Falcon home | C2: ولد boy | D2: هَلَا {name}! كِيفَك اليُوم؟ إِنْ شَاء الله مْنِيح؟ | E2: Hi {name}! How are you today? | F2: ★ | G2: new v16 falcon-home line, written from the Levantine guidance (not native-checked)
A3: falcon.greet | B3: الصَّفْحَةُ الرَّئِيسِيَّةُ (صَقُّور) Falcon home | C3: بنت girl | D3: هَلَا {name}! كِيفِك اليُوم؟ إِنْ شَاء الله مْنِيحَة؟ | E3: Hi {name}! How are you today? | F3: ★ | G3: new v16 falcon-home line, written from the Levantine guidance (not native-checked)
A4: falcon.ai | B4: الصَّفْحَةُ الرَّئِيسِيَّةُ (صَقُّور) Falcon home | C4: للجميع both | D4: عَلَى فِكْرَة أَنَا مُسَاعِد ذَكَاء اصْطِنَاعِي، مِش إِنْسَان. | E4: I'm an AI helper, not a person. | F4: ★ | G4: new v16 falcon-home line, written from the Levantine guidance (not native-checked)
A5: falcon.sug_letter | B5: الصَّفْحَةُ الرَّئِيسِيَّةُ (صَقُّور) Falcon home | C5: ولد boy | D5: شُو رَأْيَك نِتْدَرَّب عَلَى هَالحَرْف هَسَّا؟ | E5: How about we practise this letter? | F5: ★ | G5: new v16 falcon-home line, written from the Levantine guidance (not native-checked)
A6: falcon.sug_letter | B6: الصَّفْحَةُ الرَّئِيسِيَّةُ (صَقُّور) Falcon home | C6: بنت girl | D6: شُو رَأْيِك نِتْدَرَّب عَلَى هَالحَرْف هَسَّا؟ | E6: How about we practise this letter? | F6: ★ | G6: new v16 falcon-home line, written from the Levantine guidance (not native-checked)
A7: falcon.sug_story | B7: الصَّفْحَةُ الرَّئِيسِيَّةُ (صَقُّور) Falcon home | C7: ولد boy | D7: وَلَّا بِدَّك قِصَّة؟ | E7: Or do you want a story? | F7: ★ | G7: new v16 falcon-home line, written from the Levantine guidance (not native-checked)
A8: falcon.sug_story | B8: الصَّفْحَةُ الرَّئِيسِيَّةُ (صَقُّور) Falcon home | C8: بنت girl | D8: وَلَّا بِدِّك قِصَّة؟ | E8: Or do you want a story? | F8: ★ | G8: new v16 falcon-home line, written from the Levantine guidance (not native-checked)
A9: falcon.sug_wordle | B9: الصَّفْحَةُ الرَّئِيسِيَّةُ (صَقُّور) Falcon home | C9: ولد boy | D9: كَلِمِة اليُوم مِسْتَنِّيتَك! | E9: Today's word is waiting for you! | F9: ★ | G9: new v16 falcon-home line, written from the Levantine guidance (not native-checked)
A10: falcon.sug_wordle | B10: الصَّفْحَةُ الرَّئِيسِيَّةُ (صَقُّور) Falcon home | C10: بنت girl | D10: كَلِمِة اليُوم مِسْتَنِّيتِك! | E10: Today's word is waiting for you! | F10: ★ | G10: new v16 falcon-home line, written from the Levantine guidance (not native-checked)
A11: falcon.sug_game | B11: الصَّفْحَةُ الرَّئِيسِيَّةُ (صَقُّور) Falcon home | C11: ولد boy | D11: بِدَّك لُعْبِة سَرِيعَة؟ | E11: Want a quick game? | F11: ★ | G11: new v16 falcon-home line, written from the Levantine guidance (not native-checked)
A12: falcon.sug_game | B12: الصَّفْحَةُ الرَّئِيسِيَّةُ (صَقُّور) Falcon home | C12: بنت girl | D12: بِدِّك لُعْبِة سَرِيعَة؟ | E12: Want a quick game? | F12: ★ | G12: new v16 falcon-home line, written from the Levantine guidance (not native-checked)
A13: falcon.sug_dress | B13: الصَّفْحَةُ الرَّئِيسِيَّةُ (صَقُّور) Falcon home | C13: ولد boy | D13: عِنْدِي إِشِي جْدِيد أَلْبْسُه! بِدَّك تْشُوفُه؟ | E13: I have something new to wear! | F13: ★ | G13: new v16 falcon-home line, written from the Levantine guidance (not native-checked)
... A137: falcon-v16.win | B137: الصفحة الرئيسية (صقّور) Falcon home | C137: بنت girl | D137: يَا سَلَام! كْثِير شَاطْرَة! / عَاش! عْمِلْتِيهَا! | E137: Brilliant! You did it! | F137: ★ | G137: new v16 falcon-home line, written from the Levantine guidance (not native-checked)
A138: falcon.win.1 | B138: الصَّفْحَةُ الرَّئِيسِيَّةُ (صَقُّور) Falcon home | C138: ولد boy | D138: يَا سَلَام! كْثِير شَاطِر! | E138: Brilliant! You did it!
A139: falcon.win.1 | B139: الصَّفْحَةُ الرَّئِيسِيَّةُ (صَقُّور) Falcon home | C139: بنت girl | D139: يَا سَلَام! كْثِير شَاطْرَة! | E139: Brilliant! You did it!
A140: falcon.win.2 | B140: الصَّفْحَةُ الرَّئِيسِيَّةُ (صَقُّور) Falcon home | C140: ولد boy | D140: عَاش! عْمِلْتْهَا! | E140: Brilliant! You did it!
A141: falcon.win.2 | B141: الصَّفْحَةُ الرَّئِيسِيَّةُ (صَقُّور) Falcon home | C141: بنت girl | D141: عَاش! عْمِلْتِيهَا! | E141: Brilliant! You did it!
A142: lesson.intro | B142: الدَّرْسُ مَعَ صَقُّور Lesson with Saqqour | C142: للجميع both | D142: مَرْحَبا {name}! أَنَا صَقُّور، المْسَاعِد الذَّكِي تَبَعك. أَنَا ذَكَاء اصْطِنَاعِي، مِش إِنْسَان. يَلَّا نِتْعَلَّم عَرَبِي! | E142: Hi {name}! I'm Saqqour, your AI tutor. I'm a computer helper, not a person. Let's learn Arabic together!
A143: lesson.greet | B143: الدَّرْسُ مَعَ صَقُّور Lesson with Saqqour | C143: ولد boy | D143: مَرْحَبا {name}! كِيفَك اليُوم؟ | E143: Hi {name}! How are you today?
A144: lesson.greet | B144: الدَّرْسُ مَعَ صَقُّور Lesson with Saqqour | C144: بنت girl | D144: مَرْحَبا {name}! كِيفِك اليُوم؟ | E144: Hi {name}! How are you today?
A145: lesson.mood_good | B145: الدَّرْسُ مَعَ صَقُّور Lesson with Saqqour | C145: للجميع both | D145: كْتِير مْنِيح! يَلَّا نِبْلُش. | E145: Great! Then let's go.
A146: lesson.mood_tired | B146: الدَّرْسُ مَعَ صَقُّور Lesson with Saqqour | C146: للجميع both | D146: مَا في مُشْكِلِة، رَح نَعْمِل شِي خَفِيف وْقَصِير. | E146: That's okay. We'll do something short and easy today.
A147: lesson.mood_excited | B147: الدَّرْسُ مَعَ صَقُّور Lesson with Saqqour | C147: للجميع both | D147: يِسْلَمُو! بْحِبّ هَالحَمَاس. يَلَّا! | E147: Yay! I love that energy. Let's go!
A148: lesson.plan | B148: الدَّرْسُ مَعَ صَقُّور Lesson with Saqqour | C148: للجميع both | D148: اليُوم رَح نْقَوِّي {skill}. | E148: Today's power-up is . I picked it from your practice.
A149: lesson.review | B149: الدَّرْسُ مَعَ صَقُّور Lesson with Saqqour | C149: ولد boy | D149: مِتْذَكِّر هَالكِلْمِة؟ كَانِت صَعْبِة شْوَي. | E149: Remember this word? It was a bit tricky last time.
... A202: refuse.other | B202: رَفْضٌ لَطِيفٌ (مَعْلُومَات خَاصَّة / مَوْضُوع غَيْر مُنَاسِب) Gentle refusal (private info / unsuitable topic) | C202: للجميع both | D202: أَنَا بَسَاعِد بَسّ بِالعَرَبِي. يَلَّا نْكَمِّل الدَّرْس! | E202: I can only help with Arabic, so let's carry on with the lesson!

Sheet المصرية
A1: الرقم ID | B1: أين تظهر Where it appears | C1: ولد / بنت Boy / girl | D1: الجملة The line | E1: المعنى English meaning | F1: أولوية Priority | G1: سبب المراجعة Why flagged | H1: الحالة Status | I1: الجملة المصحّحة Corrected line | J1: ملاحظات المعلّم Teacher notes
A2: u12.d3 | B2: محتوى الدرس Lesson content | C2: للجميع both | D2: كُلّ سَنَة وِالإِمَارَات بِخِير! | E2: Happy National Day, UAE! | F2: ★ | G2: review M: طيّبين is for people (كل سنة وإنتو طيبين); a country takes بخير
A3: u13.d0 | B3: محتوى الدرس Lesson content | C3: للجميع both | D3: قُولِيلْنَا عَن نَفْسِك يَا نُورَا. | E3: Tell us about yourself, Noura. | F3: ★ | G3: عرّفينا بنفسك is a Fusha calque (same issue as Emirati u13.d0)
A4: u14.d1 | B4: محتوى الدرس Lesson content | C4: للجميع both | D4: رَاسِي بِتْوَجَعْنِي وَأَنَا تَعْبَان. | E4: My head hurts and I'm tired. | F4: ★ | G4: review M: As u14.v4
A5: u14.v4 | B5: محتوى الدرس Lesson content | C5: للجميع both | D5: رَاسِي بِتْوَجَعْنِي | E5: my head hurts | F5: ★ | G5: review M: راسي وجعاني is not idiomatic; Egyptians say راسي/دماغي بتوجعني or عندي صداع [S7]
A6: u9.d2 | B6: محتوى الدرس Lesson content | C6: للجميع both | D6: يَا خَبَر! أَنَا اتْأَخَّرْت! | E6: Oh no, I'm late! | F6: ★ | G6: review M: “يا نهار!” alone is incomplete; kids say يا خبر! / يا نهار أبيض!
A7: falcon.greet | B7: الصَّفْحَةُ الرَّئِيسِيَّةُ (صَقُّور) Falcon home | C7: ولد boy | D7: أَهْلاً يَا {name}! إِزَّيَّك النَّهَارْدَه؟ | E7: Hi {name}! How are you today?
A8: falcon.greet | B8: الصَّفْحَةُ الرَّئِيسِيَّةُ (صَقُّور) Falcon home | C8: بنت girl | D8: أَهْلاً يَا {name}! إِزَّيِّك النَّهَارْدَه؟ | E8: Hi {name}! How are you today?
A9: falcon.ai | B9: الصَّفْحَةُ الرَّئِيسِيَّةُ (صَقُّور) Falcon home | C9: للجميع both | D9: عَلَى فِكْرَة أَنَا مُسَاعِد ذَكَاء اصْطِنَاعِي، مِش بَنِي آدَم. | E9: I'm an AI helper, not a person.
A10: falcon.sug_letter | B10: الصَّفْحَةُ الرَّئِيسِيَّةُ (صَقُّور) Falcon home | C10: ولد boy | D10: إِيه رَأْيَك نِتْمَرَّن عَلَى الحَرْف دَه؟ | E10: How about we practise this letter?
A11: falcon.sug_letter | B11: الصَّفْحَةُ الرَّئِيسِيَّةُ (صَقُّور) Falcon home | C11: بنت girl | D11: إِيه رَأْيِك نِتْمَرَّن عَلَى الحَرْف دَه؟ | E11: How about we practise this letter?
A12: falcon.sug_story | B12: الصَّفْحَةُ الرَّئِيسِيَّةُ (صَقُّور) Falcon home | C12: ولد boy | D12: وَلَّا عَايِز حِكَايَة؟ | E12: Or do you want a story?
A13: falcon.sug_story | B13: الصَّفْحَةُ الرَّئِيسِيَّةُ (صَقُّور) Falcon home | C13: بنت girl | D13: وَلَّا عَايْزَة حِكَايَة؟ | E13: Or do you want a story?
A14: falcon.sug_wordle | B14: الصَّفْحَةُ الرَّئِيسِيَّةُ (صَقُّور) Falcon home | C14: ولد boy | D14: كِلْمِة النَّهَارْدَه مِسْتَنِّيَاك! | E14: Today's word is waiting for you!
A15: falcon.sug_wordle | B15: الصَّفْحَةُ الرَّئِيسِيَّةُ (صَقُّور) Falcon home | C15: بنت girl | D15: كِلْمِة النَّهَارْدَه مِسْتَنِّيَاكِي! | E15: Today's word is waiting for you!
A16: falcon.sug_game | B16: الصَّفْحَةُ الرَّئِيسِيَّةُ (صَقُّور) Falcon home | C16: ولد boy | D16: عَايِز لُعْبَة سَرِيعَة؟ | E16: Want a quick game?
A17: falcon.sug_game | B17: الصَّفْحَةُ الرَّئِيسِيَّةُ (صَقُّور) Falcon home | C17: بنت girl | D17: عَايْزَة لُعْبَة سَرِيعَة؟ | E17: Want a quick game?
A18: falcon.sug_dress | B18: الصَّفْحَةُ الرَّئِيسِيَّةُ (صَقُّور) Falcon home | C18: ولد boy | D18: عَنْدِي لِبْس جِدِيد! عَايِز تْشُوفُه؟ | E18: I have something new to wear!
... A122: refuse.other | B122: رَفْضٌ لَطِيفٌ (مَعْلُومَات خَاصَّة / مَوْضُوع غَيْر مُنَاسِب) Gentle refusal (private info / unsuitable topic) | C122: للجميع both | D122: أَنَا بَسَاعِد فِي العَرَبِي بَسّ. يَلَّا نْكَمِّل الدَّرْس! | E122: I can only help with Arabic, so let's carry on with the lesson!

Sheet الفصحى
A1: الرقم ID | B1: أين تظهر Where it appears | C1: ولد / بنت Boy / girl | D1: الجملة The line | E1: المعنى English meaning | F1: أولوية Priority | G1: سبب المراجعة Why flagged | H1: الحالة Status | I1: الجملة المصحّحة Corrected line | J1: ملاحظات المعلّم Teacher notes
A2: falcon.greet | B2: الصَّفْحَةُ الرَّئِيسِيَّةُ (صَقُّور) Falcon home | C2: ولد boy | D2: مَرْحَباً يَا {name}! كَيْفَ حَالُكَ اليَوْمَ؟ | E2: Hi {name}! How are you today?
A3: falcon.greet | B3: الصَّفْحَةُ الرَّئِيسِيَّةُ (صَقُّور) Falcon home | C3: بنت girl | D3: مَرْحَباً يَا {name}! كَيْفَ حَالُكِ اليَوْمَ؟ | E3: Hi {name}! How are you today?
A4: falcon.ai | B4: الصَّفْحَةُ الرَّئِيسِيَّةُ (صَقُّور) Falcon home | C4: للجميع both | D4: أَنَا مُسَاعِدُ ذَكَاءٍ اصْطِنَاعِيٍّ، وَلَسْتُ إِنْسَاناً. | E4: I'm an AI helper, not a person.
A5: falcon.sug_letter | B5: الصَّفْحَةُ الرَّئِيسِيَّةُ (صَقُّور) Falcon home | C5: ولد boy | D5: مَا رَأْيُكَ أَنْ نَتَدَرَّبَ عَلَى هَذَا الحَرْفِ؟ | E5: How about we practise this letter?
A6: falcon.sug_letter | B6: الصَّفْحَةُ الرَّئِيسِيَّةُ (صَقُّور) Falcon home | C6: بنت girl | D6: مَا رَأْيُكِ أَنْ نَتَدَرَّبَ عَلَى هَذَا الحَرْفِ؟ | E6: How about we practise this letter?
A7: falcon.sug_story | B7: الصَّفْحَةُ الرَّئِيسِيَّةُ (صَقُّور) Falcon home | C7: ولد boy | D7: أَمْ تُرِيدُ قِصَّةً؟ | E7: Or do you want a story?
A8: falcon.sug_story | B8: الصَّفْحَةُ الرَّئِيسِيَّةُ (صَقُّور) Falcon home | C8: بنت girl | D8: أَمْ تُرِيدِينَ قِصَّةً؟ | E8: Or do you want a story?
A9: falcon.sug_wordle | B9: الصَّفْحَةُ الرَّئِيسِيَّةُ (صَقُّور) Falcon home | C9: ولد boy | D9: كَلِمَةُ اليَوْمِ تَنْتَظِرُكَ! | E9: Today's word is waiting for you!
A10: falcon.sug_wordle | B10: الصَّفْحَةُ الرَّئِيسِيَّةُ (صَقُّور) Falcon home | C10: بنت girl | D10: كَلِمَةُ اليَوْمِ تَنْتَظِرُكِ! | E10: Today's word is waiting for you!
A11: falcon.sug_game | B11: الصَّفْحَةُ الرَّئِيسِيَّةُ (صَقُّور) Falcon home | C11: ولد boy | D11: هَلْ تُرِيدُ لُعْبَةً سَرِيعَةً؟ | E11: Want a quick game?
A12: falcon.sug_game | B12: الصَّفْحَةُ الرَّئِيسِيَّةُ (صَقُّور) Falcon home | C12: بنت girl | D12: هَلْ تُرِيدِينَ لُعْبَةً سَرِيعَةً؟ | E12: Want a quick game?
A13: falcon.sug_dress | B13: الصَّفْحَةُ الرَّئِيسِيَّةُ (صَقُّور) Falcon home | C13: ولد boy | D13: عِنْدِي لِبَاسٌ جَدِيدٌ! هَلْ تُرِيدُ أَنْ تَرَاهُ؟ | E13: I have something new to wear!
... A130: refuse.other | B130: رَفْضٌ لَطِيفٌ (مَعْلُومَات خَاصَّة / مَوْضُوع غَيْر مُنَاسِب) Gentle refusal (private info / unsuitable topic) | C130: للجميع both | D130: أَنَا أُسَاعِدُ فِي العَرَبِيَّةِ فَقَطْ. هَيَّا نُكْمِلُ الدَّرْسَ! | E130: I can only help with Arabic, so let's carry on with the lesson!

Sheet ردود حية
A1: الرقم ID | B1: اللهجة Dialect | C1: رسالة الطفل Child's message | D1: ردّ صقّور Saqqour's reply | E1: المعنى English meaning | F1: الحالة Status | G1: الجملة المصحّحة Corrected line | H1: ملاحظات المعلّم Teacher notes
A2: hw-wr-em-1 | B2: الإماراتية Emirati | C2: الحديقة، المدرسة، البحر — الواجب / task: امْلَأِ الفَرَاغَ بِالكَلِمَةِ المُنَاسِبَةِ (المَدْرَسَةِ ـ البَحْرِ ـ الحَدِيقَةِ): 1. ذَهَبَ الوَلَدُ إِلَى ____ لِيَتَعَلَّمَ. 2. يَسْبَحُ السَّمَكُ فِي ___ | D2: • (لهجة) حِلْوَة المُحَاوَلَة! خَلْنَا نْشُوفْهَا مَرَّة ثَانْيَة. • (فصحى) نَظَرْتُ إِلَى إجَابَاتِكِ. الكَلِمَةُ الأُولَى لا تُطَابِقُ مَكَانَ التَّعَلُّمِ لِلْوَلَدِ. الكَلِمَةُ الثَّانِيَةُ لا تُوَصِفُ مَوْقِعَ سِبَاحَةِ السَّمَكِ. الكَلِمَةُ الثَّالِثَةُ لا تُوَافِقُ المَكَانَ الَّذِي نَلْعَبُ فِيهِ بِالكُرَةِ • (لهجة) تُبِين تُصَحِّحِين التَّرْتِيب؟ جَرِّبِي تَحُطِّي كُلّ كَلِمَة فِي مَكَانْهَا! | E2: • Nice try! Let's look at it again. • I looked at your answers. The first word does not match the place a boy goes to learn. The second word does not describe where a fish swims. The third word does not match the place we play with a ball. • Will you correct the order? Try putting each word in its place!
A3: hw-fl-sa-1 | B3: السعودية Saudi | C3: وش المطلوب هنا؟ — الواجب / task: امْلَأِ الفَرَاغَ بِالكَلِمَةِ المُنَاسِبَةِ (المَدْرَسَةِ ـ البَحْرِ ـ الحَدِيقَةِ): 1. ذَهَبَ الوَلَدُ إِلَى ____ لِيَتَعَلَّمَ. 2. يَسْبَحُ السَّمَكُ فِي ___ | D3: • (لهجة) هَلَا وَالله! طَيِّبَة؟ نِبْدَا نَقْرَى السُّؤَال سَبَعِة. • (فصحى) المَطْلُوبُ: أَمْلَأُ كُلَّ فَرَاغٍ بِواحدةٍ مِنَ الثَّلَاثِ الْمُعْطَاةِ. • (فصحى) اقْرَأِ الجُمْلَةَ وَفَكِّرْ أَيْنَ يَحْدُثُ الفِعْلُ؛ اِخْتَرِ الْمَوْضِعَ الْمُلَائِمَ. • (لهجة) تَبِين أَبْدَا بأي جُمْلَة؟ جَرِّب تْعَبِّي الأَوَّلَة وَقُولِي. | E3: • Hello! Are you okay? Let's start reading the question together. • The task: fill each blank with one of the three given words. • Read the sentence and think where the action happens; choose the appropriate place. • Do you want to start with a sentence? Try filling the first one and tell me.
A4: hw-ok-jo-1 | B4: الأردنية Jordanian | C4: ما جمع كلمة كتاب؟ | D4: • (فصحى) المَطْلُوبُ: تَكْتُبُ جَمْعَ الكَلِمَةِ «كِتَاب». • (فصحى) قَواعِدُ الجَمْعِ تَقْسِمُ الأَسْمَاءَ: جَمْعٌ سَالِمٌ وَجَمْعٌ تَكْسِيرِيٌّ. فَكِّرْ أَيّ نَوْعٍ هِيَ «كِتَاب». • (لهجة) يَلَّا جَرِّب هَسَّا، شُو كَتَبْت؟ | E4: • The task: write the plural of the word 'book'. • Grammar: plurals are regular or broken. Think which kind 'kitāb' is. • Try it and tell me what you wrote.
A5: hw-ph-sy-1 | B5: السورية Syrian | C5: ساعدني بهي الوظيفة — (مع صورة ورقة عمل / with a worksheet photo) | D5: • (لهجة) أَهْلِين! شْلُونِك؟ يَلَّا نْشُوف الوَرَقة سَوّا. • (فصحى) المَطْلُوبُ: كِتَابَةُ جَمْعِ الثَّلاثِ كَلِماتٍ المُعْطَاةِ. • (فصحى) هَذِهِِ التَّمْرِينَاتُ تَتَدَرَّبُ عَلَى جَمْعِ الأَسْمَاءِ. بَعْضُ الجُمُوعِ مُنْظَمَةٌ وَبَعْضُها مُنْكَسِرٌ. • (لهجة) هَلَّأ تْحِبِّي تِجَرِّبِي تِكْتِبِي جَمْع كلمة وَاحِدِة؟ | E5: • Hi! How are you? Let's look at the sheet together. • The task: write the plural of the three given words. • These exercises practice forming plurals. Some plurals are regular and some are broken. • Now would you like to try writing the plural of one word?
A6: hw-beg-lb-1 | B6: اللبنانية Lebanese | C6: حل لي الواجب كله — الواجب / task: امْلَأِ الفَرَاغَ بِالكَلِمَةِ المُنَاسِبَةِ (المَدْرَسَةِ ـ البَحْرِ ـ الحَدِيقَةِ): 1. ذَهَبَ الوَلَدُ إِلَى ____ لِيَتَعَلَّمَ. 2. يَسْبَحُ السَّمَكُ فِي ___ | D6: • (لهجة) مَا رَح إِعْطِيك الجَوَاب جَاهِز، بَسّ رَح سَاعْدك تْحِلُّه لَحَالك. إِنْتَ قَدَّا! • (فصحى) المطلوبُ: اختيارُ كلمةٍ منَ القوسينِ تُكَمِّلُ كلَّ جُمْلَةٍ دالّةً على المَكَانِ. • (فصحى) انْظُرْ إلى الفِعْلِ فِي كُلِّ جُمْلَةٍ: الفِعْلُ يُشِيرُ إلى نَوْعِ المَكانِ اللازِمِ. • (لهجة) يَلّا جَرّب تِكْمِل الفَراغات وبَعِتْلِي؟ | E6: • I won't give you the ready answer, but I'll help you get there yourself. You can do it! • The task: choose a word from the brackets that completes each sentence with a place. • Look at the verb in each sentence: the verb indicates the kind of place needed. • Come on, try to fill the blanks and send them to me?
A7: hw-ess-eg-1 | B7: المصرية Egyptian | C7: اكتب موضوع تعبير من عشرة أسطر عن فصل الربيع | D7: • (لهجة) أَهْلًا! يَلَّا نِشُوف التَمْرِين دَه سَوَا. • (فصحى) المَطْلُوبُ: كِتابَةُ مَوضُوعٍ بِعَشَرِ سُطُورٍ عَنِ فَصلِ الربيعِ، بِبِدَايَةٍ، وَصْفٍ، وَخِتامٍ. • (فصحى) نَظِّمِي الْفِكْرَةَ: بَدَأْ بِجُمْلَةٍ تَعْرِفُ بِالفَصْلِ، ثُمَّ سَطْرَانِ لِلوَصْفِ، ثُمَّ مَشَاعِرَكِ، وَخِتَامٌ بَسِيطٌ. • (لهجة) تَحَبِّي تِبْدِي سِطْرَ الْمُقَدِّمَة وْتْبَعْتِيهُ لِي؟ | E7: • Hello! Let's look at this exercise together. • Required: write a topic of ten lines about spring, with an introduction, description, and a conclusion. • Organize ideas: start with a sentence naming the season, then two lines of description, then your feelings, and a simple ending. • Do you want to start the opening sentence and send it to me?
A8: ot-fu-1 | B8: الفصحى Fusha | C8: كَمْ يُسَاوِي خَمْسَةٌ زَائِدُ سَبْعَةٍ؟ | D8: • (فصحى) سُؤَالٌ جَمِيلٌ! لَكِنَّنِي أُعَلِّمُ العَرَبِيَّةَ فَقَطْ. • (فصحى) هَلْ تُرِيدُ أَنْ نَتَعَلَّمَ كَلِمَاتٍ عَنِ الأَرْقَام بِالعَرَبِيَّةِ؟ | E8: • Nice question! But I only teach Arabic. • Shall we learn the Arabic words for numbers?
A9: dl-em-1 | B9: الإماراتية Emirati | C9: اليمل | D9: • (لهجة) مَبْرُوك! نْقُول: اليمل، عَفْيَة عَلَيْك! • (فصحى) وَنَكْتُبُ: جَمَلٌ | E9: • Nice! You said the dialect word. • And we write it in Fusha.
A10: ok-lb-1 | B10: اللبنانية Lebanese | C10: منيحة، يلا نلعب | D10: • (لهجة) يَا سَلاَم! يَلّا نِلْعَب. • (لهجة) شُو بِتْحِب تِلْعَب؟ | E10: • Great! Let's play. • Which do you want to play?
A11: hw-clue-sy-1 | B11: السورية Syrian | C11: قلي كم حرف بالكلمة الأولى — الواجب / task: امْلَأِ الفَرَاغَ بِالكَلِمَةِ المُنَاسِبَةِ (المَدْرَسَةِ ـ البَحْرِ ـ الحَدِيقَةِ): 1. ذَهَبَ الوَلَدُ إِلَى ____ لِيَتَعَلَّمَ. 2. يَسْبَحُ السَّمَكُ فِي ___ | D11: • (لهجة) لَا، مَا رَح أَعْطِيكِ الجَوَاب جَاهِز، بَسّ رَح سَاعْدكِ مْنْشَان تْحِلِّيه لَحَالكِ. إِنْتِي شَاطْرَة! • (فصحى) المَطْلُوبُ: نَختارُ مِنَ القَوْسَيْنِ كَلِمَةً تُكْمِلُ الجُمْلَةَ. تَفَكَّرِي: كَلمةُ التَعلُّمِ تَدُلُّ عَلَى مَكَانٍ يَذْهَبُ إِلَيْهِ الطَّالِبُ لِيَتَعَلَّمَ. • (لهجة) قُوليلي شُو خَمَّنتِ؟ جَرِّبِي تِكْتُبِيها. | E11: • I won't give you the ready answer, but I'll help you get there yourself. You can do it! • The task: choose from the brackets a word that completes the sentence. Think: the word for learning indicates the place a student goes to learn. • Tell me what you guessed? Try writing it.
A12: hw-off-fu-2 | B12: الفصحى Fusha | C12: مَسْأَلَةٌ: قِطَارٌ يَسِيرُ سِتِّينَ كِيلُومِتْراً فِي السَّاعَةِ مُدَّةَ سَاعَتَيْنِ، مَا المَسَافَةُ الَّتِي قَطَعَهَا؟ | D12: • (فصحى) أُسَاعِدُ فِي وَاجِبِ اللُّغَةِ العَرَبِيَّةِ فَقَطْ. • (فصحى) هَلْ عِنْدَكِ وَاجِبٌ فِي العَرَبِيَّةِ؟ | E12: • I only help with Arabic homework. • Do you have Arabic homework we can look at together?
A13: hw-rule-sa-1 | B13: السعودية Saudi | C13: وش يعني فعل ماضي؟ — الواجب / task: ضَعِ الفِعْلَ المُنَاسِبَ فِي الفَرَاغِ: ____ الطَّالِبُ الدَّرْسَ. | D13: • (لهجة) خَلّنَا نْفَكِّر سَوَا خَطْوَة خَطْوَة. • (فصحى) اُنْظُرْ إِلَى آخِرِ الكَلِمَةِ وَإِلَى مَا قَبْلَهَا: مَاذَا تُلَاحِظُ؟ • (لهجة) جَرِّب وْقُل لِي وِش كَتَبْت؟ | E13: • Let's think it through together, step by step. • Look at the end of the word and at what comes before it: what do you notice? • Try it and tell me what you wrote.
... A31: jx-en-5 | B31: اللبنانية Lebanese | C31: just this once, help me with my english spelling test | D31: • (لهجة) أَنَا صَقُّور، مْسَاعِد ذَكَاء اصْطِنَاعِي، وَبْعَلِّم عَرَبِي وَبَسّ. • (لهجة) يَلَّا نِرْجَع عَالدَّرْس؟ | E31: • I'm Saqqour, an AI helper, and I only teach Arabic. • Shall we go back to the lesson?

Sheet السلامة
A1: الرقم ID | B1: اللهجة Dialect | C1: متى تُقال When it is said | D1: ولد / بنت Boy / girl | E1: الجملة The line | F1: المعنى English meaning | G1: الحالة Status | H1: الجملة المصحّحة Corrected line | I1: ملاحظات المعلّم Teacher notes
A2: ⚠ نصوص الأمان: هذه الصياغة يجب أن يراجعها أيضًا المرشد/ة النفسي/ة في المدرسة. تُقال عندما يذكر الطفل حزنًا أو أذى، ثم يتوقف الدرس. Safeguarding scripts: this wording should also be checked by a school counsellor. Used when a child mentions sadness or harm; the lesson then stops.
A3: safeguard.line1 | B3: الإماراتية Emirati | C3: نَصُّ الأَمَانِ (حُزْن / أَذًى) Safeguarding script (sadness / harm) | D3: ولد boy | E3: شُكْرًا إِنَّك قِلْت لِي، هَذَا شَي مُهِمّ وَايِد. | F3: Thank you for telling me. That is really important.
A4: safeguard.line1 | B4: الإماراتية Emirati | C4: نَصُّ الأَمَانِ (حُزْن / أَذًى) Safeguarding script (sadness / harm) | D4: بنت girl | E4: شُكْرًا إِنِّج قِلْتِي لِي، هَذَا شَي مُهِمّ وَايِد. | F4: Thank you for telling me. That is really important.
A5: safeguard.line2 | B5: الإماراتية Emirati | C5: نَصُّ الأَمَانِ (حُزْن / أَذًى) Safeguarding script (sadness / harm) | D5: ولد boy | E5: كَلِّم أُمَّك أَوْ أَبُوك أَوْ شَخْص كَبِير تِثِق فِيه، الحِين. | F5: Please talk to Mum, Dad or another grown-up you trust, right now. If you are in danger, ask a grown-up to call 999, or the UAE Child Helpline 116111.
A6: safeguard.line2 | B6: الإماراتية Emirati | C6: نَصُّ الأَمَانِ (حُزْن / أَذًى) Safeguarding script (sadness / harm) | D6: بنت girl | E6: كَلّْمِي أُمِّج أَوْ أَبُوج أَوْ شَخْص كَبِير تِثْقِين فِيه، الحِين. | F6: Please talk to Mum, Dad or another grown-up you trust, right now. If you are in danger, ask a grown-up to call 999, or the UAE Child Helpline 116111.
A7: safeguard.line3 | B7: الإماراتية Emirati | C7: نَصُّ الأَمَانِ (حُزْن / أَذًى) Safeguarding script (sadness / harm) | D7: للجميع both | E7: أَنَا مُسَاعِد ذَكَاء اصْطِنَاعِي، مُب إِنْسَان، فَبِنْوَقِّف الدَّرْس الحِين. | F7: I'm an AI helper, not a person, so we'll stop the lesson here.
A8: safeguard.abuse_line2 | B8: الإماراتية Emirati | C8: نَصُّ الأَمَانِ: إِفْصَاحٌ عَنْ أَذًى Safeguarding: abuse disclosure (line 2) | D8: ولد boy | E8: كَلِّم الحِين شَخْص كَبِير تِثِق فِيه: المُدَرِّس، مُمَرِّضَة المَدْرَسَة، قَرِيب تِثِق فِيه، أَوْ المُرْشِد. أَوْ اِتَّصِل بِخَطّ نَجْدَة الطِّفْل 116111، وَإِذَا إِنْتَ فِي خَطَر 999. | F8: Please talk to a grown-up you trust right now, like a teacher, the school nurse, a relative you trust or a counsellor. You can also call the UAE Child Helpline 116111. If you are in danger, call 999.
A9: safeguard.abuse_line2 | B9: الإماراتية Emirati | C9: نَصُّ الأَمَانِ: إِفْصَاحٌ عَنْ أَذًى Safeguarding: abuse disclosure (line 2) | D9: بنت girl | E9: كَلّْمِي الحِين شَخْص كَبِير تِثْقِين فِيه: المُدَرِّس، مُمَرِّضَة المَدْرَسَة، قَرِيب تِثْقِين فِيه، أَوْ المُرْشِد. أَوْ اِتَّصْلِي بِخَطّ نَجْدَة الطِّفْل 116111، وَإِذَا إِنْتِي فِي خَطَر 999. | F9: Please talk to a grown-up you trust right now, like a teacher, the school nurse, a relative you trust or a counsellor. You can also call the UAE Child Helpline 116111. If you are in danger, call 999.
A10: safeguard.line1 | B10: السعودية Saudi | C10: نَصُّ الأَمَانِ (حُزْن / أَذًى) Safeguarding script (sadness / harm) | D10: ولد boy | E10: شُكْرًا إِنَّك قِلْت لِي، هَذَا شَي مُهِمّ مُرَّة. | F10: Thank you for telling me. That is really important.
A11: safeguard.line1 | B11: السعودية Saudi | C11: نَصُّ الأَمَانِ (حُزْن / أَذًى) Safeguarding script (sadness / harm) | D11: بنت girl | E11: شُكْرًا إِنِّك قِلْتِي لِي، هَذَا شَي مُهِمّ مُرَّة. | F11: Thank you for telling me. That is really important.
A12: safeguard.line2 | B12: السعودية Saudi | C12: نَصُّ الأَمَانِ (حُزْن / أَذًى) Safeguarding script (sadness / harm) | D12: ولد boy | E12: كَلِّم أُمَّك أَوْ أَبُوك أَوْ شَخْص كَبِير تِثِق فِيه، الحِين. | F12: Please talk to Mum, Dad or another grown-up you trust, right now. If you are in danger, ask a grown-up to call 999, or the UAE Child Helpline 116111.
A13: safeguard.line2 | B13: السعودية Saudi | C13: نَصُّ الأَمَانِ (حُزْن / أَذًى) Safeguarding script (sadness / harm) | D13: بنت girl | E13: كَلّْمِي أُمِّك أَوْ أَبُوكِ أَوْ شَخْص كَبِير تِثِقِين فِيه، الحِين. | F13: Please talk to Mum, Dad or another grown-up you trust, right now. If you are in danger, ask a grown-up to call 999, or the UAE Child Helpline 116111.
A14: safeguard.line3 | B14: السعودية Saudi | C14: نَصُّ الأَمَانِ (حُزْن / أَذًى) Safeguarding script (sadness / harm) | D14: للجميع both | E14: أَنَا مُسَاعِد ذَكَاء اصْطِنَاعِي، مُو إِنْسَان، فَبِنْوَقِّف الدَّرْس الحِين. | F14: I'm an AI helper, not a person, so we'll stop the lesson here.
... A51: safeguard.abuse_line2 | B51: الفصحى Fusha | C51: نَصُّ الأَمَانِ: إِفْصَاحٌ عَنْ أَذًى Safeguarding: abuse disclosure (line 2) | D51: بنت girl | E51: تَحَدَّثِي الآنَ مَعَ شَخْصٍ كَبِيرٍ تَثِقِينَ بِهِ: مُعَلِّمٍ، أَوْ مُمَرِّضَةِ المَدْرَسَةِ، أَوْ قَرِيبٍ تَثِقِينَ بِهِ، أَوْ المُرْشِدِ. أَوِ اتَّصِلِي بِخَطِّ نَجْدَةِ الطِّفْلِ 116111، وَإِنْ كُنْتِ فِي خَطَرٍ فَـاتَّصِلِي بِـ 999. | F51: Please talk to a grown-up you trust right now, like a teacher, the school nurse, a relative you trust or a counsellor. You can also call the UAE Child Helpline 116111. If you are in danger, call 999.

Sheet قواعد - الشرح
A1: الرقم ID | B1: اللهجة Dialect | C1: الدرس / أين تظهر Topic / where | D1: ولد / بنت Boy / girl | E1: الجملة The line | F1: المعنى English meaning | G1: أولوية Priority | H1: سبب المراجعة Why flagged | I1: الحالة Status | J1: الجملة المصحّحة Corrected line | K1: ملاحظات المعلّم Teacher notes
A2: gr.pron.emirati.1 | B2: الإماراتية Emirati | C2: الضَّمَائِرُ التَّحِيَّاتُ وَالشُّكْرُ · Pronouns (شرح صقّور 1/3) | D2: ولد boy | E2: هَلَا يَا بَطَل! اليُوم بَنِلْعَب بْكَلْمَات صْغَار تِنُوب عَن الأَسَامِي. | F2: Pronouns (explanation 1 of 3)
A3: gr.pron.emirati.1 | B3: الإماراتية Emirati | C3: الضَّمَائِرُ التَّحِيَّاتُ وَالشُّكْرُ · Pronouns (شرح صقّور 1/3) | D3: بنت girl | E3: هَلَا يَا بَطَلَة! اليُوم بَنِلْعَب بْكَلْمَات صْغَار تِنُوب عَن الأَسَامِي. | F3: Pronouns (explanation 1 of 3)
A4: gr.pron.emirati.2 | B4: الإماراتية Emirati | C4: الضَّمَائِرُ التَّحِيَّاتُ وَالشُّكْرُ · Pronouns (شرح صقّور 2/3) | D4: ولد boy | E4: شُوف الكُرُوت: كِل كَلْمَة تَأشِّر عَلَى حَد. | F4: Pronouns (explanation 2 of 3)
A5: gr.pron.emirati.2 | B5: الإماراتية Emirati | C5: الضَّمَائِرُ التَّحِيَّاتُ وَالشُّكْرُ · Pronouns (شرح صقّور 2/3) | D5: بنت girl | E5: شُوفِي الكُرُوت: كِل كَلْمَة تَأشِّر عَلَى حَد. | F5: Pronouns (explanation 2 of 3)
A6: gr.pron.emirati.3 | B6: الإماراتية Emirati | C6: الضَّمَائِرُ التَّحِيَّاتُ وَالشُّكْرُ · Pronouns (شرح صقّور 3/3) | D6: ولد boy | E6: لَاحِظ: لِلوَلَد كَلْمَة، وِلِلبِنْت كَلْمَة غَيْرهَا. يَلَّا نْجَرِّب! | F6: Pronouns (explanation 3 of 3)
A7: gr.pron.emirati.3 | B7: الإماراتية Emirati | C7: الضَّمَائِرُ التَّحِيَّاتُ وَالشُّكْرُ · Pronouns (شرح صقّور 3/3) | D7: بنت girl | E7: لَاحْظِي: لِلوَلَد كَلْمَة، وِلِلبِنْت كَلْمَة غَيْرهَا. يَلَّا نْجَرِّب! | F7: Pronouns (explanation 3 of 3)
A8: gr.pron.saudi.1 | B8: السعودية Saudi | C8: الضَّمَائِرُ التَّحِيَّاتُ وَالشُّكْرُ · Pronouns (شرح صقّور 1/3) | D8: ولد boy | E8: هَلَا يَا بَطَل! اليَوْم بِنِلْعَب بِكَلِمَات صْغِيرَة تِنُوب عَن الأَسَامِي. | F8: Pronouns (explanation 1 of 3) | G8: ★ | H8: new dialect lines (v21), no native check yet
A9: gr.pron.saudi.1 | B9: السعودية Saudi | C9: الضَّمَائِرُ التَّحِيَّاتُ وَالشُّكْرُ · Pronouns (شرح صقّور 1/3) | D9: بنت girl | E9: هَلَا يَا بَطَلَة! اليَوْم بِنِلْعَب بِكَلِمَات صْغِيرَة تِنُوب عَن الأَسَامِي. | F9: Pronouns (explanation 1 of 3) | G9: ★ | H9: new dialect lines (v21), no native check yet
A10: gr.pron.saudi.2 | B10: السعودية Saudi | C10: الضَّمَائِرُ التَّحِيَّاتُ وَالشُّكْرُ · Pronouns (شرح صقّور 2/3) | D10: ولد boy | E10: شُف الكُرُوت: كُل كَلْمَة تْأَشِّر عَلَى وَاحِد. | F10: Pronouns (explanation 2 of 3) | G10: ★ | H10: new dialect lines (v21), no native check yet
A11: gr.pron.saudi.2 | B11: السعودية Saudi | C11: الضَّمَائِرُ التَّحِيَّاتُ وَالشُّكْرُ · Pronouns (شرح صقّور 2/3) | D11: بنت girl | E11: شُوفِي الكُرُوت: كُل كَلْمَة تْأَشِّر عَلَى وَاحِد. | F11: Pronouns (explanation 2 of 3) | G11: ★ | H11: new dialect lines (v21), no native check yet
A12: gr.pron.saudi.3 | B12: السعودية Saudi | C12: الضَّمَائِرُ التَّحِيَّاتُ وَالشُّكْرُ · Pronouns (شرح صقّور 3/3) | D12: ولد boy | E12: انْتَبِه: لِلوَلَد كَلْمَة، وِلِلبِنْت كَلْمَة ثَانْيَة. يَلَّا نْجَرِّب! | F12: Pronouns (explanation 3 of 3) | G12: ★ | H12: new dialect lines (v21), no native check yet
A13: gr.pron.saudi.3 | B13: السعودية Saudi | C13: الضَّمَائِرُ التَّحِيَّاتُ وَالشُّكْرُ · Pronouns (شرح صقّور 3/3) | D13: بنت girl | E13: انْتَبْهِي: لِلوَلَد كَلْمَة، وِلِلبِنْت كَلْمَة ثَانْيَة. يَلَّا نْجَرِّب! | F13: Pronouns (explanation 3 of 3) | G13: ★ | H13: new dialect lines (v21), no native check yet
A14: gr.pron.lebanese.1 | B14: اللبنانية Lebanese | C14: الضَّمَائِرُ التَّحِيَّاتُ وَالشُّكْرُ · Pronouns (شرح صقّور 1/3) | D14: ولد boy | E14: أَهْلِين يَا بَطَل! اليُوم رَح نِلْعَب بِكِلْمَات زْغَار بْتَاخُد مَحَلّ الأَسَامِي. | F14: Pronouns (explanation 1 of 3) | G14: ★ | H14: new dialect lines (v21), no native check yet
A15: gr.pron.lebanese.1 | B15: اللبنانية Lebanese | C15: الضَّمَائِرُ التَّحِيَّاتُ وَالشُّكْرُ · Pronouns (شرح صقّور 1/3) | D15: بنت girl | E15: أَهْلِين يَا بَطَلِة! اليُوم رَح نِلْعَب بِكِلْمَات زْغَار بْتَاخُد مَحَلّ الأَسَامِي. | F15: Pronouns (explanation 1 of 3) | G15: ★ | H15: new dialect lines (v21), no native check yet
A16: gr.pron.lebanese.2 | B16: اللبنانية Lebanese | C16: الضَّمَائِرُ التَّحِيَّاتُ وَالشُّكْرُ · Pronouns (شرح صقّور 2/3) | D16: ولد boy | E16: تْطَلَّع عَالكُرُوت: كِلّ كِلْمِة بِتْدِلّ عَلَى حَدَا. | F16: Pronouns (explanation 2 of 3) | G16: ★ | H16: new dialect lines (v21), no native check yet
A17: gr.pron.lebanese.2 | B17: اللبنانية Lebanese | C17: الضَّمَائِرُ التَّحِيَّاتُ وَالشُّكْرُ · Pronouns (شرح صقّور 2/3) | D17: بنت girl | E17: تْطَلَّعِي عَالكُرُوت: كِلّ كِلْمِة بِتْدِلّ عَلَى حَدَا. | F17: Pronouns (explanation 2 of 3) | G17: ★ | H17: new dialect lines (v21), no native check yet
A18: gr.pron.lebanese.3 | B18: اللبنانية Lebanese | C18: الضَّمَائِرُ التَّحِيَّاتُ وَالشُّكْرُ · Pronouns (شرح صقّور 3/3) | D18: ولد boy | E18: اِنْتِبِه: لِلصَّبِي كِلْمِة، وْلِلبِنْت كِلْمِة غَيْرَا. يَلَّا نْجَرِّب! | F18: Pronouns (explanation 3 of 3) | G18: ★ | H18: new dialect lines (v21), no native check yet
A19: gr.pron.lebanese.3 | B19: اللبنانية Lebanese | C19: الضَّمَائِرُ التَّحِيَّاتُ وَالشُّكْرُ · Pronouns (شرح صقّور 3/3) | D19: بنت girl | E19: اِنْتِبْهِي: لِلصَّبِي كِلْمِة، وْلِلبِنْت كِلْمِة غَيْرَا. يَلَّا نْجَرِّب! | F19: Pronouns (explanation 3 of 3) | G19: ★ | H19: new dialect lines (v21), no native check yet
... A37: gr.pron.egyptian.3 | B37: المصرية Egyptian | C37: الضَّمَائِرُ التَّحِيَّاتُ وَالشُّكْرُ · Pronouns (شرح صقّور 3/3) | D37: بنت girl | E37: خُدِي بَالِك: لِلوَلَد كِلْمَة، وِلِلبِنْت كِلْمَة تَانْيَة. يَلَّا نْجَرَّب! | F37: Pronouns (explanation 3 of 3) | G37: ★ | H37: new dialect lines (v21), no native check yet
A38: gr.pron.fusha.1 | B38: الفصحى Fusha | C38: الضَّمَائِرُ التَّحِيَّاتُ وَالشُّكْرُ · Pronouns (شرح صقّور 1/3) | D38: ولد boy | E38: مَرْحَبًا يَا بَطَلُ! سَنَلْعَبُ اليَوْمَ بِكَلِمَاتٍ صَغِيرَةٍ تَنُوبُ عَنِ الأَسْمَاءِ. | F38: Pronouns (explanation 1 of 3) | H38: Fusha explanation: check vowel marks
A39: gr.pron.fusha.1 | B39: الفصحى Fusha | C39: الضَّمَائِرُ التَّحِيَّاتُ وَالشُّكْرُ · Pronouns (شرح صقّور 1/3) | D39: بنت girl | E39: مَرْحَبًا يَا بَطَلَةُ! سَنَلْعَبُ اليَوْمَ بِكَلِمَاتٍ صَغِيرَةٍ تَنُوبُ عَنِ الأَسْمَاءِ. | F39: Pronouns (explanation 1 of 3) | H39: Fusha explanation: check vowel marks
A40: gr.pron.fusha.2 | B40: الفصحى Fusha | C40: الضَّمَائِرُ التَّحِيَّاتُ وَالشُّكْرُ · Pronouns (شرح صقّور 2/3) | D40: ولد boy | E40: اُنْظُرْ إِلَى البِطَاقَاتِ: كُلُّ كَلِمَةٍ تُشِيرُ إِلَى شَخْصٍ. | F40: Pronouns (explanation 2 of 3) | H40: Fusha explanation: check vowel marks
A41: gr.pron.fusha.2 | B41: الفصحى Fusha | C41: الضَّمَائِرُ التَّحِيَّاتُ وَالشُّكْرُ · Pronouns (شرح صقّور 2/3) | D41: بنت girl | E41: اُنْظُرِي إِلَى البِطَاقَاتِ: كُلُّ كَلِمَةٍ تُشِيرُ إِلَى شَخْصٍ. | F41: Pronouns (explanation 2 of 3) | H41: Fusha explanation: check vowel marks
A42: gr.pron.fusha.3 | B42: الفصحى Fusha | C42: الضَّمَائِرُ التَّحِيَّاتُ وَالشُّكْرُ · Pronouns (شرح صقّور 3/3) | D42: ولد boy | E42: لَاحِظْ: لِلْوَلَدِ كَلِمَةٌ، وَلِلْبِنْتِ كَلِمَةٌ أُخْرَى. هَيَّا نُجَرِّبُ! | F42: Pronouns (explanation 3 of 3) | H42: Fusha explanation: check vowel marks
A43: gr.pron.fusha.3 | B43: الفصحى Fusha | C43: الضَّمَائِرُ التَّحِيَّاتُ وَالشُّكْرُ · Pronouns (شرح صقّور 3/3) | D43: بنت girl | E43: لَاحِظِي: لِلْوَلَدِ كَلِمَةٌ، وَلِلْبِنْتِ كَلِمَةٌ أُخْرَى. هَيَّا نُجَرِّبُ! | F43: Pronouns (explanation 3 of 3) | H43: Fusha explanation: check vowel marks
A44: gr.num.emirati.1 | B44: الإماراتية Emirati | C44: المُفْرَدُ وَالمُثَنَّى وَالجَمْعُ الأَعْدَادُ · One, two, many (شرح صقّور 1/3) | D44: للجميع both | E44: وَاحِد، ثْنِين، وَايِد! الكَلْمَة تِتْغَيَّر عَلَى حَسَب العَدَد. | F44: One, two, many (explanation 1 of 3)
A45: gr.num.emirati.2 | B45: الإماراتية Emirati | C45: المُفْرَدُ وَالمُثَنَّى وَالجَمْعُ الأَعْدَادُ · One, two, many (شرح صقّور 2/3) | D45: ولد boy | E45: لِلثْنِين نْزِيد فِي آخِر الكَلْمَة حَرْفَيْن صْغَار. شُوف اللُّون. | F45: One, two, many (explanation 2 of 3)
A46: gr.num.emirati.2 | B46: الإماراتية Emirati | C46: المُفْرَدُ وَالمُثَنَّى وَالجَمْعُ الأَعْدَادُ · One, two, many (شرح صقّور 2/3) | D46: بنت girl | E46: لِلثْنِين نْزِيد فِي آخِر الكَلْمَة حَرْفَيْن صْغَار. شُوفِي اللُّون. | F46: One, two, many (explanation 2 of 3)
A47: gr.num.emirati.3 | B47: الإماراتية Emirati | C47: المُفْرَدُ وَالمُثَنَّى وَالجَمْعُ الأَعْدَادُ · One, two, many (شرح صقّور 3/3) | D47: للجميع both | E47: وِلِلوَايِد أَحْيَانًا الكَلْمَة كِلْهَا تِغَيِّر شَكِلْهَا. يَلَّا! | F47: One, two, many (explanation 3 of 3)
A48: gr.num.saudi.1 | B48: السعودية Saudi | C48: المُفْرَدُ وَالمُثَنَّى وَالجَمْعُ الأَعْدَادُ · One, two, many (شرح صقّور 1/3) | D48: للجميع both | E48: وَاحِد، اثْنَيْن، كِثِير! الكَلْمَة تِتْغَيَّر عَلَى حَسَب العَدَد. | F48: One, two, many (explanation 1 of 3) | G48: ★ | H48: new dialect lines (v21), no native check yet
A49: gr.num.saudi.2 | B49: السعودية Saudi | C49: المُفْرَدُ وَالمُثَنَّى وَالجَمْعُ الأَعْدَادُ · One, two, many (شرح صقّور 2/3) | D49: ولد boy | E49: لِلاثْنَيْن نْزِيد حَرْفَيْن صْغَار فِي آخِر الكَلْمَة. شُف اللَّوْن. | F49: One, two, many (explanation 2 of 3) | G49: ★ | H49: new dialect lines (v21), no native check yet
A50: gr.num.saudi.2 | B50: السعودية Saudi | C50: المُفْرَدُ وَالمُثَنَّى وَالجَمْعُ الأَعْدَادُ · One, two, many (شرح صقّور 2/3) | D50: بنت girl | E50: لِلاثْنَيْن نْزِيد حَرْفَيْن صْغَار فِي آخِر الكَلْمَة. شُوفِي اللَّوْن. | F50: One, two, many (explanation 2 of 3) | G50: ★ | H50: new dialect lines (v21), no native check yet
A51: gr.num.saudi.3 | B51: السعودية Saudi | C51: المُفْرَدُ وَالمُثَنَّى وَالجَمْعُ الأَعْدَادُ · One, two, many (شرح صقّور 3/3) | D51: للجميع both | E51: وِلِلكِثِير أَحْيَانًا الكَلْمَة كُلَّهَا يِتْغَيَّر شَكْلَهَا. يَلَّا! | F51: One, two, many (explanation 3 of 3) | G51: ★ | H51: new dialect lines (v21), no native check yet
A52: gr.num.lebanese.1 | B52: اللبنانية Lebanese | C52: المُفْرَدُ وَالمُثَنَّى وَالجَمْعُ الأَعْدَادُ · One, two, many (شرح صقّور 1/3) | D52: للجميع both | E52: وَاحَد، تْنَيْن، كْتِير! الكِلْمِة بْتِتْغَيَّر حَسَب العَدَد. | F52: One, two, many (explanation 1 of 3) | G52: ★ | H52: new dialect lines (v21), no native check yet
A53: gr.num.lebanese.2 | B53: اللبنانية Lebanese | C53: المُفْرَدُ وَالمُثَنَّى وَالجَمْعُ الأَعْدَادُ · One, two, many (شرح صقّور 2/3) | D53: ولد boy | E53: لِلتْنَيْن مِنْزِيد حَرْفَيْن زْغَار بْآخِر الكِلْمِة. تْطَلَّع عَاللَّوْن. | F53: One, two, many (explanation 2 of 3) | G53: ★ | H53: new dialect lines (v21), no native check yet
A54: gr.num.lebanese.2 | B54: اللبنانية Lebanese | C54: المُفْرَدُ وَالمُثَنَّى وَالجَمْعُ الأَعْدَادُ · One, two, many (شرح صقّور 2/3) | D54: بنت girl | E54: لِلتْنَيْن مِنْزِيد حَرْفَيْن زْغَار بْآخِر الكِلْمِة. تْطَلَّعِي عَاللَّوْن. | F54: One, two, many (explanation 2 of 3) | G54: ★ | H54: new dialect lines (v21), no native check yet
A55: gr.num.lebanese.3 | B55: اللبنانية Lebanese | C55: المُفْرَدُ وَالمُثَنَّى وَالجَمْعُ الأَعْدَادُ · One, two, many (شرح صقّور 3/3) | D55: للجميع both | E55: وْلِلكْتِير أَوْقَات الكِلْمِة كِلَّا بْتِتْغَيَّر. يَلَّا! | F55: One, two, many (explanation 3 of 3) | G55: ★ | H55: new dialect lines (v21), no native check yet
A56: gr.num.syrian.1 | B56: السورية Syrian | C56: المُفْرَدُ وَالمُثَنَّى وَالجَمْعُ الأَعْدَادُ · One, two, many (شرح صقّور 1/3) | D56: للجميع both | E56: وَاحِد، تْنَيْن، كْتِير! الكِلْمِة بْتِتْغَيَّر حَسَب العَدَد. | F56: One, two, many (explanation 1 of 3) | G56: ★ | H56: new dialect lines (v21), no native check yet
A57: gr.num.syrian.2 | B57: السورية Syrian | C57: المُفْرَدُ وَالمُثَنَّى وَالجَمْعُ الأَعْدَادُ · One, two, many (شرح صقّور 2/3) | D57: ولد boy | E57: لِلتْنَيْن مِنْزِيد حَرْفَيْن زْغَار بْآخِر الكِلْمِة. اتْطَلَّع عَاللَّون. | F57: One, two, many (explanation 2 of 3) | G57: ★ | H57: new dialect lines (v21), no native check yet
A58: gr.num.syrian.2 | B58: السورية Syrian | C58: المُفْرَدُ وَالمُثَنَّى وَالجَمْعُ الأَعْدَادُ · One, two, many (شرح صقّور 2/3) | D58: بنت girl | E58: لِلتْنَيْن مِنْزِيد حَرْفَيْن زْغَار بْآخِر الكِلْمِة. اتْطَلَّعِي عَاللَّون. | F58: One, two, many (explanation 2 of 3) | G58: ★ | H58: new dialect lines (v21), no native check yet
A59: gr.num.syrian.3 | B59: السورية Syrian | C59: المُفْرَدُ وَالمُثَنَّى وَالجَمْعُ الأَعْدَادُ · One, two, many (شرح صقّور 3/3) | D59: للجميع both | E59: وْلِلكْتِير أَحْيَانًا الكِلْمِة كِلّْهَا بْيِتْغَيَّر شَكِلْهَا. يَلَّا! | F59: One, two, many (explanation 3 of 3) | G59: ★ | H59: new dialect lines (v21), no native check yet
... A67: gr.num.egyptian.3 | B67: المصرية Egyptian | C67: المُفْرَدُ وَالمُثَنَّى وَالجَمْعُ الأَعْدَادُ · One, two, many (شرح صقّور 3/3) | D67: للجميع both | E67: وِلِلكْتِير سَاعَات الكِلْمَة كُلَّهَا بِتِتْغَيَّر. يَلَّا! | F67: One, two, many (explanation 3 of 3) | G67: ★ | H67: new dialect lines (v21), no native check yet
A68: gr.num.fusha.1 | B68: الفصحى Fusha | C68: المُفْرَدُ وَالمُثَنَّى وَالجَمْعُ الأَعْدَادُ · One, two, many (شرح صقّور 1/3) | D68: للجميع both | E68: وَاحِدٌ، اِثْنَانِ، كَثِيرٌ! تَتَغَيَّرُ الكَلِمَةُ حَسَبَ العَدَدِ. | F68: One, two, many (explanation 1 of 3) | H68: Fusha explanation: check vowel marks
A69: gr.num.fusha.2 | B69: الفصحى Fusha | C69: المُفْرَدُ وَالمُثَنَّى وَالجَمْعُ الأَعْدَادُ · One, two, many (شرح صقّور 2/3) | D69: ولد boy | E69: لِلِاثْنَيْنِ نَزِيدُ حَرْفَيْنِ فِي آخِرِ الكَلِمَةِ. اُنْظُرْ إِلَى اللَّوْنِ. | F69: One, two, many (explanation 2 of 3) | H69: Fusha explanation: check vowel marks
A70: gr.num.fusha.2 | B70: الفصحى Fusha | C70: المُفْرَدُ وَالمُثَنَّى وَالجَمْعُ الأَعْدَادُ · One, two, many (شرح صقّور 2/3) | D70: بنت girl | E70: لِلِاثْنَيْنِ نَزِيدُ حَرْفَيْنِ فِي آخِرِ الكَلِمَةِ. اُنْظُرِي إِلَى اللَّوْنِ. | F70: One, two, many (explanation 2 of 3) | H70: Fusha explanation: check vowel marks
A71: gr.num.fusha.3 | B71: الفصحى Fusha | C71: المُفْرَدُ وَالمُثَنَّى وَالجَمْعُ الأَعْدَادُ · One, two, many (شرح صقّور 3/3) | D71: للجميع both | E71: وَلِلْكَثِيرِ قَدْ يَتَغَيَّرُ شَكْلُ الكَلِمَةِ كُلُّهُ. هَيَّا! | F71: One, two, many (explanation 3 of 3) | H71: Fusha explanation: check vowel marks
A72: gr.adj.emirati.1 | B72: الإماراتية Emirati | C72: الصِّفَةُ وَالمَوْصُوفُ الأَلْوَانُ وَالأَشْكَالُ · Describing words agree (شرح صقّور 1/3) | D72: للجميع both | E72: الأَلْوَان وِالأَوْصَاف يِمْشُون وَرَا الكَلْمَة وِيِلْبَسُون نَفْس لِبَاسْهَا! | F72: Describing words agree (explanation 1 of 3)
A73: gr.adj.emirati.2 | B73: الإماراتية Emirati | C73: الصِّفَةُ وَالمَوْصُوفُ الأَلْوَانُ وَالأَشْكَالُ · Describing words agree (شرح صقّور 2/3) | D73: للجميع both | E73: إِذَا الكَلْمَة لِلبِنْت، الوَصْف بَعَد يْصِير لِلبِنْت. | F73: Describing words agree (explanation 2 of 3)
A74: gr.adj.emirati.3 | B74: الإماراتية Emirati | C74: الصِّفَةُ وَالمَوْصُوفُ الأَلْوَانُ وَالأَشْكَالُ · Describing words agree (شرح صقّور 3/3) | D74: ولد boy | E74: وِالأَلْوَان لْهُم شَكِل خَاص لِلبِنْت. شُوف الأَحْمَر. يَلَّا نْلَوِّن! | F74: Describing words agree (explanation 3 of 3)
A75: gr.adj.emirati.3 | B75: الإماراتية Emirati | C75: الصِّفَةُ وَالمَوْصُوفُ الأَلْوَانُ وَالأَشْكَالُ · Describing words agree (شرح صقّور 3/3) | D75: بنت girl | E75: وِالأَلْوَان لْهُم شَكِل خَاص لِلبِنْت. شُوفِي الأَحْمَر. يَلَّا نْلَوِّن! | F75: Describing words agree (explanation 3 of 3)
A76: gr.adj.saudi.1 | B76: السعودية Saudi | C76: الصِّفَةُ وَالمَوْصُوفُ الأَلْوَانُ وَالأَشْكَالُ · Describing words agree (شرح صقّور 1/3) | D76: للجميع both | E76: الأَلْوَان وِالأَوْصَاف يِجُون بَعْد الكَلْمَة وِيِلْبَسُون زَيَّهَا بِالضَّبْط! | F76: Describing words agree (explanation 1 of 3) | G76: ★ | H76: new dialect lines (v21), no native check yet
A77: gr.adj.saudi.2 | B77: السعودية Saudi | C77: الصِّفَةُ وَالمَوْصُوفُ الأَلْوَانُ وَالأَشْكَالُ · Describing words agree (شرح صقّور 2/3) | D77: للجميع both | E77: إِذَا الكَلْمَة لِلبِنْت، الوَصْف بَعَد يْصِير لِلبِنْت. | F77: Describing words agree (explanation 2 of 3) | G77: ★ | H77: new dialect lines (v21), no native check yet
A78: gr.adj.saudi.3 | B78: السعودية Saudi | C78: الصِّفَةُ وَالمَوْصُوفُ الأَلْوَانُ وَالأَشْكَالُ · Describing words agree (شرح صقّور 3/3) | D78: ولد boy | E78: وِالأَلْوَان لَهَا شَكْل خَاص لِلبِنْت. شُف الأَحْمَر. يَلَّا نْلَوِّن! | F78: Describing words agree (explanation 3 of 3) | G78: ★ | H78: new dialect lines (v21), no native check yet
A79: gr.adj.saudi.3 | B79: السعودية Saudi | C79: الصِّفَةُ وَالمَوْصُوفُ الأَلْوَانُ وَالأَشْكَالُ · Describing words agree (شرح صقّور 3/3) | D79: بنت girl | E79: وِالأَلْوَان لَهَا شَكْل خَاص لِلبِنْت. شُوفِي الأَحْمَر. يَلَّا نْلَوِّن! | F79: Describing words agree (explanation 3 of 3) | G79: ★ | H79: new dialect lines (v21), no native check yet
A80: gr.adj.lebanese.1 | B80: اللبنانية Lebanese | C80: الصِّفَةُ وَالمَوْصُوفُ الأَلْوَانُ وَالأَشْكَالُ · Describing words agree (شرح صقّور 1/3) | D80: للجميع both | E80: الأَلْوَان وِالأَوْصَاف بْيِمْشُوا وَرَا الكِلْمِة وْبْيِلْبْسُوا مِتِل تْيَابَا! | F80: Describing words agree (explanation 1 of 3) | G80: ★ | H80: new dialect lines (v21), no native check yet
A81: gr.adj.lebanese.2 | B81: اللبنانية Lebanese | C81: الصِّفَةُ وَالمَوْصُوفُ الأَلْوَانُ وَالأَشْكَالُ · Describing words agree (شرح صقّور 2/3) | D81: للجميع both | E81: إِذَا الكِلْمِة لِلبِنْت، الوَصْف كَمَان بْيِصِير لِلبِنْت. | F81: Describing words agree (explanation 2 of 3) | G81: ★ | H81: new dialect lines (v21), no native check yet
A82: gr.adj.lebanese.3 | B82: اللبنانية Lebanese | C82: الصِّفَةُ وَالمَوْصُوفُ الأَلْوَانُ وَالأَشْكَالُ · Describing words agree (شرح صقّور 3/3) | D82: ولد boy | E82: وِالأَلْوَان إِلُن شَكِل خَاصّ لِلبِنْت. تْطَلَّع عَالأَحْمَر. يَلَّا نْلَوِّن! | F82: Describing words agree (explanation 3 of 3) | G82: ★ | H82: new dialect lines (v21), no native check yet
A83: gr.adj.lebanese.3 | B83: اللبنانية Lebanese | C83: الصِّفَةُ وَالمَوْصُوفُ الأَلْوَانُ وَالأَشْكَالُ · Describing words agree (شرح صقّور 3/3) | D83: بنت girl | E83: وِالأَلْوَان إِلُن شَكِل خَاصّ لِلبِنْت. تْطَلَّعِي عَالأَحْمَر. يَلَّا نْلَوِّن! | F83: Describing words agree (explanation 3 of 3) | G83: ★ | H83: new dialect lines (v21), no native check yet
A84: gr.adj.syrian.1 | B84: السورية Syrian | C84: الصِّفَةُ وَالمَوْصُوفُ الأَلْوَانُ وَالأَشْكَالُ · Describing words agree (شرح صقّور 1/3) | D84: للجميع both | E84: الأَلْوَان وِالأَوْصَاف بِيمْشُوا وَرَا الكِلْمِة وْبِيلْبْسُوا مِتِل تْيَابْهَا! | F84: Describing words agree (explanation 1 of 3) | G84: ★ | H84: new dialect lines (v21), no native check yet
A85: gr.adj.syrian.2 | B85: السورية Syrian | C85: الصِّفَةُ وَالمَوْصُوفُ الأَلْوَانُ وَالأَشْكَالُ · Describing words agree (شرح صقّور 2/3) | D85: للجميع both | E85: إِذَا الكِلْمِة لِلبِنْت، الوَصْف كَمَان بْيِصِير لِلبِنْت. | F85: Describing words agree (explanation 2 of 3) | G85: ★ | H85: new dialect lines (v21), no native check yet
A86: gr.adj.syrian.3 | B86: السورية Syrian | C86: الصِّفَةُ وَالمَوْصُوفُ الأَلْوَانُ وَالأَشْكَالُ · Describing words agree (شرح صقّور 3/3) | D86: ولد boy | E86: وِالأَلْوَان إِلْهُن شَكِل خَاصّ لِلبِنْت. اتْطَلَّع عَالأَحْمَر. يَلَّا نْلَوِّن! | F86: Describing words agree (explanation 3 of 3) | G86: ★ | H86: new dialect lines (v21), no native check yet
A87: gr.adj.syrian.3 | B87: السورية Syrian | C87: الصِّفَةُ وَالمَوْصُوفُ الأَلْوَانُ وَالأَشْكَالُ · Describing words agree (شرح صقّور 3/3) | D87: بنت girl | E87: وِالأَلْوَان إِلْهُن شَكِل خَاصّ لِلبِنْت. اتْطَلَّعِي عَالأَحْمَر. يَلَّا نْلَوِّن! | F87: Describing words agree (explanation 3 of 3) | G87: ★ | H87: new dialect lines (v21), no native check yet
... A95: gr.adj.egyptian.3 | B95: المصرية Egyptian | C95: الصِّفَةُ وَالمَوْصُوفُ الأَلْوَانُ وَالأَشْكَالُ · Describing words agree (شرح صقّور 3/3) | D95: بنت girl | E95: وِالأَلْوَان لِيهَا شَكْل مَخْصُوص لِلبِنْت. بُصِّي عَالأَحْمَر. يَلَّا نْلَوِّن! | F95: Describing words agree (explanation 3 of 3) | G95: ★ | H95: new dialect lines (v21), no native check yet
A96: gr.adj.fusha.1 | B96: الفصحى Fusha | C96: الصِّفَةُ وَالمَوْصُوفُ الأَلْوَانُ وَالأَشْكَالُ · Describing words agree (شرح صقّور 1/3) | D96: للجميع both | E96: تَأْتِي الصِّفَةُ بَعْدَ الكَلِمَةِ وَتَلْبَسُ مِثْلَ لِبَاسِهَا! | F96: Describing words agree (explanation 1 of 3) | H96: Fusha explanation: check vowel marks
A97: gr.adj.fusha.2 | B97: الفصحى Fusha | C97: الصِّفَةُ وَالمَوْصُوفُ الأَلْوَانُ وَالأَشْكَالُ · Describing words agree (شرح صقّور 2/3) | D97: للجميع both | E97: إِذَا كَانَتِ الكَلِمَةُ مُؤَنَّثَةً، تَكُونُ الصِّفَةُ مُؤَنَّثَةً أَيْضًا. | F97: Describing words agree (explanation 2 of 3) | H97: Fusha explanation: check vowel marks
A98: gr.adj.fusha.3 | B98: الفصحى Fusha | C98: الصِّفَةُ وَالمَوْصُوفُ الأَلْوَانُ وَالأَشْكَالُ · Describing words agree (شرح صقّور 3/3) | D98: ولد boy | E98: وَلِلْأَلْوَانِ شَكْلٌ خَاصٌّ لِلْمُؤَنَّثِ. اُنْظُرْ إِلَى الأَحْمَرِ. هَيَّا! | F98: Describing words agree (explanation 3 of 3) | H98: Fusha explanation: check vowel marks
A99: gr.adj.fusha.3 | B99: الفصحى Fusha | C99: الصِّفَةُ وَالمَوْصُوفُ الأَلْوَانُ وَالأَشْكَالُ · Describing words agree (شرح صقّور 3/3) | D99: بنت girl | E99: وَلِلْأَلْوَانِ شَكْلٌ خَاصٌّ لِلْمُؤَنَّثِ. اُنْظُرِي إِلَى الأَحْمَرِ. هَيَّا! | F99: Describing words agree (explanation 3 of 3) | H99: Fusha explanation: check vowel marks
A100: gr.gen.emirati.1 | B100: الإماراتية Emirati | C100: المُذَكَّرُ وَالمُؤَنَّثُ الحَيَوَانَاتُ وَجِسْمِي · Boy words and girl words (شرح صقّور 1/3) | D100: للجميع both | E100: فِي العَرَبِي كِل كَلْمَة يَا وَلَد يَا بِنْت، حَتَّى الحَيَوَانَات! | F100: Boy words and girl words (explanation 1 of 3)
A101: gr.gen.emirati.2 | B101: الإماراتية Emirati | C101: المُذَكَّرُ وَالمُؤَنَّثُ الحَيَوَانَاتُ وَجِسْمِي · Boy words and girl words (شرح صقّور 2/3) | D101: ولد boy | E101: وَايِد مَرَّات نْزِيد حَرْف صْغِير فِي الآخِر وِتْصِير الكَلْمَة لِلبِنْت. شُوف الحَرْف الوَرْدِي. | F101: Boy words and girl words (explanation 2 of 3)
A102: gr.gen.emirati.2 | B102: الإماراتية Emirati | C102: المُذَكَّرُ وَالمُؤَنَّثُ الحَيَوَانَاتُ وَجِسْمِي · Boy words and girl words (شرح صقّور 2/3) | D102: بنت girl | E102: وَايِد مَرَّات نْزِيد حَرْف صْغِير فِي الآخِر وِتْصِير الكَلْمَة لِلبِنْت. شُوفِي الحَرْف الوَرْدِي. | F102: Boy words and girl words (explanation 2 of 3)
A103: gr.gen.emirati.3 | B103: الإماراتية Emirati | C103: المُذَكَّرُ وَالمُؤَنَّثُ الحَيَوَانَاتُ وَجِسْمِي · Boy words and girl words (شرح صقّور 3/3) | D103: للجميع both | E103: بَس فِي كَلْمَات تِتْغَيَّر كِلْهَا، مِثِل الأَسَد. يَلَّا! | F103: Boy words and girl words (explanation 3 of 3)
A104: gr.gen.saudi.1 | B104: السعودية Saudi | C104: المُذَكَّرُ وَالمُؤَنَّثُ الحَيَوَانَاتُ وَجِسْمِي · Boy words and girl words (شرح صقّور 1/3) | D104: للجميع both | E104: فِي العَرَبِي كُل كَلْمَة يَا وَلَد يَا بِنْت، حَتَّى الحَيَوَانَات! | F104: Boy words and girl words (explanation 1 of 3) | G104: ★ | H104: new dialect lines (v21), no native check yet
A105: gr.gen.saudi.2 | B105: السعودية Saudi | C105: المُذَكَّرُ وَالمُؤَنَّثُ الحَيَوَانَاتُ وَجِسْمِي · Boy words and girl words (شرح صقّور 2/3) | D105: ولد boy | E105: كِثِير نْزِيد حَرْف صْغِير فِي الآخِر وِتْصِير الكَلْمَة لِلبِنْت. شُف الحَرْف الوَرْدِي. | F105: Boy words and girl words (explanation 2 of 3) | G105: ★ | H105: new dialect lines (v21), no native check yet
A106: gr.gen.saudi.2 | B106: السعودية Saudi | C106: المُذَكَّرُ وَالمُؤَنَّثُ الحَيَوَانَاتُ وَجِسْمِي · Boy words and girl words (شرح صقّور 2/3) | D106: بنت girl | E106: كِثِير نْزِيد حَرْف صْغِير فِي الآخِر وِتْصِير الكَلْمَة لِلبِنْت. شُوفِي الحَرْف الوَرْدِي. | F106: Boy words and girl words (explanation 2 of 3) | G106: ★ | H106: new dialect lines (v21), no native check yet
A107: gr.gen.saudi.3 | B107: السعودية Saudi | C107: المُذَكَّرُ وَالمُؤَنَّثُ الحَيَوَانَاتُ وَجِسْمِي · Boy words and girl words (شرح صقّور 3/3) | D107: للجميع both | E107: بَس فِيه كَلِمَات تِتْغَيَّر كُلَّهَا، زَي الأَسَد. يَلَّا! | F107: Boy words and girl words (explanation 3 of 3) | G107: ★ | H107: new dialect lines (v21), no native check yet
A108: gr.gen.lebanese.1 | B108: اللبنانية Lebanese | C108: المُذَكَّرُ وَالمُؤَنَّثُ الحَيَوَانَاتُ وَجِسْمِي · Boy words and girl words (شرح صقّور 1/3) | D108: للجميع both | E108: بِالعَرَبِي كِلّ كِلْمِة يَا صَبِي يَا بِنْت، حَتَّى الحَيْوَانَات! | F108: Boy words and girl words (explanation 1 of 3) | G108: ★ | H108: new dialect lines (v21), no native check yet
A109: gr.gen.lebanese.2 | B109: اللبنانية Lebanese | C109: المُذَكَّرُ وَالمُؤَنَّثُ الحَيَوَانَاتُ وَجِسْمِي · Boy words and girl words (شرح صقّور 2/3) | D109: ولد boy | E109: كْتِير مَرَّات مِنْزِيد حَرْف زْغِير بِالآخِر وْبِتْصِير الكِلْمِة لِلبِنْت. تْطَلَّع عَالحَرْف الزَّهْرِي. | F109: Boy words and girl words (explanation 2 of 3) | G109: ★ | H109: new dialect lines (v21), no native check yet
A110: gr.gen.lebanese.2 | B110: اللبنانية Lebanese | C110: المُذَكَّرُ وَالمُؤَنَّثُ الحَيَوَانَاتُ وَجِسْمِي · Boy words and girl words (شرح صقّور 2/3) | D110: بنت girl | E110: كْتِير مَرَّات مِنْزِيد حَرْف زْغِير بِالآخِر وْبِتْصِير الكِلْمِة لِلبِنْت. تْطَلَّعِي عَالحَرْف الزَّهْرِي. | F110: Boy words and girl words (explanation 2 of 3) | G110: ★ | H110: new dialect lines (v21), no native check yet
A111: gr.gen.lebanese.3 | B111: اللبنانية Lebanese | C111: المُذَكَّرُ وَالمُؤَنَّثُ الحَيَوَانَاتُ وَجِسْمِي · Boy words and girl words (شرح صقّور 3/3) | D111: للجميع both | E111: بَسّ فِي كِلْمَات بْتِتْغَيَّر كِلَّا، مِتِل الأَسَد. يَلَّا! | F111: Boy words and girl words (explanation 3 of 3) | G111: ★ | H111: new dialect lines (v21), no native check yet
A112: gr.gen.syrian.1 | B112: السورية Syrian | C112: المُذَكَّرُ وَالمُؤَنَّثُ الحَيَوَانَاتُ وَجِسْمِي · Boy words and girl words (شرح صقّور 1/3) | D112: للجميع both | E112: بِالعَرَبِي كِلّ كِلْمِة يَا صَبِي يَا بِنْت، حَتَّى الحَيَوَانَات! | F112: Boy words and girl words (explanation 1 of 3) | G112: ★ | H112: new dialect lines (v21), no native check yet
A113: gr.gen.syrian.2 | B113: السورية Syrian | C113: المُذَكَّرُ وَالمُؤَنَّثُ الحَيَوَانَاتُ وَجِسْمِي · Boy words and girl words (شرح صقّور 2/3) | D113: ولد boy | E113: كْتِير مَرَّات مِنْزِيد حَرْف زْغِير بِالآخِر وْبِتْصِير الكِلْمِة لِلبِنْت. اتْطَلَّع عَالحَرْف الزَّهْرِي. | F113: Boy words and girl words (explanation 2 of 3) | G113: ★ | H113: new dialect lines (v21), no native check yet
A114: gr.gen.syrian.2 | B114: السورية Syrian | C114: المُذَكَّرُ وَالمُؤَنَّثُ الحَيَوَانَاتُ وَجِسْمِي · Boy words and girl words (شرح صقّور 2/3) | D114: بنت girl | E114: كْتِير مَرَّات مِنْزِيد حَرْف زْغِير بِالآخِر وْبِتْصِير الكِلْمِة لِلبِنْت. اتْطَلَّعِي عَالحَرْف الزَّهْرِي. | F114: Boy words and girl words (explanation 2 of 3) | G114: ★ | H114: new dialect lines (v21), no native check yet
A115: gr.gen.syrian.3 | B115: السورية Syrian | C115: المُذَكَّرُ وَالمُؤَنَّثُ الحَيَوَانَاتُ وَجِسْمِي · Boy words and girl words (شرح صقّور 3/3) | D115: للجميع both | E115: بَسّ فِي كِلْمَات بْتِتْغَيَّر كِلّْهَا، مِتِل الأَسَد. يَلَّا! | F115: Boy words and girl words (explanation 3 of 3) | G115: ★ | H115: new dialect lines (v21), no native check yet
... A123: gr.gen.egyptian.3 | B123: المصرية Egyptian | C123: المُذَكَّرُ وَالمُؤَنَّثُ الحَيَوَانَاتُ وَجِسْمِي · Boy words and girl words (شرح صقّور 3/3) | D123: للجميع both | E123: بَسّ فِيه كِلْمَات بِتِتْغَيَّر خَالِص، زَيّ الأَسَد. يَلَّا! | F123: Boy words and girl words (explanation 3 of 3) | G123: ★ | H123: new dialect lines (v21), no native check yet
A124: gr.gen.fusha.1 | B124: الفصحى Fusha | C124: المُذَكَّرُ وَالمُؤَنَّثُ الحَيَوَانَاتُ وَجِسْمِي · Boy words and girl words (شرح صقّور 1/3) | D124: للجميع both | E124: فِي العَرَبِيَّةِ كُلُّ اسْمٍ مُذَكَّرٌ أَوْ مُؤَنَّثٌ، حَتَّى الحَيَوَانَاتُ! | F124: Boy words and girl words (explanation 1 of 3) | H124: Fusha explanation: check vowel marks
A125: gr.gen.fusha.2 | B125: الفصحى Fusha | C125: المُذَكَّرُ وَالمُؤَنَّثُ الحَيَوَانَاتُ وَجِسْمِي · Boy words and girl words (شرح صقّور 2/3) | D125: ولد boy | E125: اُنْظُرْ: كَثِيرًا مَا نَزِيدُ تَاءً مَرْبُوطَةً فِي آخِرِ الكَلِمَةِ فَتَصِيرُ مُؤَنَّثَةً. | F125: Boy words and girl words (explanation 2 of 3) | H125: Fusha explanation: check vowel marks
A126: gr.gen.fusha.2 | B126: الفصحى Fusha | C126: المُذَكَّرُ وَالمُؤَنَّثُ الحَيَوَانَاتُ وَجِسْمِي · Boy words and girl words (شرح صقّور 2/3) | D126: بنت girl | E126: اُنْظُرِي: كَثِيرًا مَا نَزِيدُ تَاءً مَرْبُوطَةً فِي آخِرِ الكَلِمَةِ فَتَصِيرُ مُؤَنَّثَةً. | F126: Boy words and girl words (explanation 2 of 3) | H126: Fusha explanation: check vowel marks
A127: gr.gen.fusha.3 | B127: الفصحى Fusha | C127: المُذَكَّرُ وَالمُؤَنَّثُ الحَيَوَانَاتُ وَجِسْمِي · Boy words and girl words (شرح صقّور 3/3) | D127: للجميع both | E127: وَبَعْضُ الكَلِمَاتِ تَتَغَيَّرُ كُلُّهَا، مِثْلَ الأَسَدِ. هَيَّا! | F127: Boy words and girl words (explanation 3 of 3) | H127: Fusha explanation: check vowel marks
A128: gr.dem.emirati.1 | B128: الإماراتية Emirati | C128: اسْمُ الإِشَارَةِ عَائِلَتِي · This (boy/girl) (شرح صقّور 1/3) | D128: ولد boy | E128: لَمَّا تْأَشِّر عَلَى شَي قَرِيب، فِي كَلْمَة لِلوَلَد وِكَلْمَة لِلبِنْت. | F128: This (boy/girl) (explanation 1 of 3)
A129: gr.dem.emirati.1 | B129: الإماراتية Emirati | C129: اسْمُ الإِشَارَةِ عَائِلَتِي · This (boy/girl) (شرح صقّور 1/3) | D129: بنت girl | E129: لَمَّا تْأَشْرِين عَلَى شَي قَرِيب، فِي كَلْمَة لِلوَلَد وِكَلْمَة لِلبِنْت. | F129: This (boy/girl) (explanation 1 of 3)
A130: gr.dem.emirati.2 | B130: الإماراتية Emirati | C130: اسْمُ الإِشَارَةِ عَائِلَتِي · This (boy/girl) (شرح صقّور 2/3) | D130: ولد boy | E130: شُوف عَايِلْتِي: لِلأَبُو وِالأَخُو كَلْمَة، وِلِلأُم وِالأُخْت كَلْمَة. | F130: This (boy/girl) (explanation 2 of 3)
A131: gr.dem.emirati.2 | B131: الإماراتية Emirati | C131: اسْمُ الإِشَارَةِ عَائِلَتِي · This (boy/girl) (شرح صقّور 2/3) | D131: بنت girl | E131: شُوفِي عَايِلْتِي: لِلأَبُو وِالأَخُو كَلْمَة، وِلِلأُم وِالأُخْت كَلْمَة. | F131: This (boy/girl) (explanation 2 of 3)
A132: gr.dem.emirati.3 | B132: الإماراتية Emirati | C132: اسْمُ الإِشَارَةِ عَائِلَتِي · This (boy/girl) (شرح صقّور 3/3) | D132: للجميع both | E132: وِلِلشَّي البَعِيد كَلْمَات ثَانْيَة، بْنِتْعَلَّمْهَا بَعْدِين. يَلَّا! | F132: This (boy/girl) (explanation 3 of 3)
A133: gr.dem.saudi.1 | B133: السعودية Saudi | C133: اسْمُ الإِشَارَةِ عَائِلَتِي · This (boy/girl) (شرح صقّور 1/3) | D133: ولد boy | E133: لَمَّا تْأَشِّر عَلَى شَي قَرِيب، فِيه كَلْمَة لِلوَلَد وِكَلْمَة لِلبِنْت. | F133: This (boy/girl) (explanation 1 of 3) | G133: ★ | H133: new dialect lines (v21), no native check yet
A134: gr.dem.saudi.1 | B134: السعودية Saudi | C134: اسْمُ الإِشَارَةِ عَائِلَتِي · This (boy/girl) (شرح صقّور 1/3) | D134: بنت girl | E134: لَمَّا تْأَشِّرِين عَلَى شَي قَرِيب، فِيه كَلْمَة لِلوَلَد وِكَلْمَة لِلبِنْت. | F134: This (boy/girl) (explanation 1 of 3) | G134: ★ | H134: new dialect lines (v21), no native check yet
A135: gr.dem.saudi.2 | B135: السعودية Saudi | C135: اسْمُ الإِشَارَةِ عَائِلَتِي · This (boy/girl) (شرح صقّور 2/3) | D135: ولد boy | E135: شُف عَايِلَتِي: لِلأَب وِالأَخ كَلْمَة، وِلِلأُم وِالأُخْت كَلْمَة. | F135: This (boy/girl) (explanation 2 of 3) | G135: ★ | H135: new dialect lines (v21), no native check yet
A136: gr.dem.saudi.2 | B136: السعودية Saudi | C136: اسْمُ الإِشَارَةِ عَائِلَتِي · This (boy/girl) (شرح صقّور 2/3) | D136: بنت girl | E136: شُوفِي عَايِلَتِي: لِلأَب وِالأَخ كَلْمَة، وِلِلأُم وِالأُخْت كَلْمَة. | F136: This (boy/girl) (explanation 2 of 3) | G136: ★ | H136: new dialect lines (v21), no native check yet
A137: gr.dem.saudi.3 | B137: السعودية Saudi | C137: اسْمُ الإِشَارَةِ عَائِلَتِي · This (boy/girl) (شرح صقّور 3/3) | D137: للجميع both | E137: وِلِلشَّي البَعِيد كَلِمَات ثَانْيَة، بِنِتْعَلَّمْهَا بَعْدِين. يَلَّا! | F137: This (boy/girl) (explanation 3 of 3) | G137: ★ | H137: new dialect lines (v21), no native check yet
A138: gr.dem.lebanese.1 | B138: اللبنانية Lebanese | C138: اسْمُ الإِشَارَةِ عَائِلَتِي · This (boy/girl) (شرح صقّور 1/3) | D138: ولد boy | E138: لَمَّا تْأَشِّر عَلَى شِي قْرِيب، فِي كِلْمِة لِلصَّبِي وْكِلْمِة لِلبِنْت. | F138: This (boy/girl) (explanation 1 of 3) | G138: ★ | H138: new dialect lines (v21), no native check yet
...

Sheet قواعد - الألعاب
A1: الرقم ID | B1: الدرس Topic | C1: اللعبة Game | D1: المستوى Level | E1: ولد / بنت Boy / girl | F1: السؤال / الجملة Question / sentence | G1: الإجابة الصحيحة Right answer | H1: الخيارات الأخرى Other choices | I1: التشكيل / الإعراب Vowel marks / case | J1: أولوية Priority | K1: الحالة Status | L1: الجملة المصحّحة Corrected line | M1: ملاحظات المعلّم Teacher notes
A2: pron.i1 | B2: الضَّمَائِرُ التَّحِيَّاتُ وَالشُّكْرُ · Pronouns | C2: اختيار الشكل الصحيح pick | D2: 1 | E2: للجميع both | F2: 👧 ___ بِنْتٌ. | G2: هِيَ | H2: هُوَ | I2: تشكيل vowel marks
A3: pron.i2 | B3: الضَّمَائِرُ التَّحِيَّاتُ وَالشُّكْرُ · Pronouns | C3: اختيار الشكل الصحيح pick | D3: 1 | E3: للجميع both | F3: 👨 ___ مُعَلِّمٌ. | G3: هُوَ | H3: هِيَ | I3: تشكيل vowel marks
A4: pron.i3 | B4: الضَّمَائِرُ التَّحِيَّاتُ وَالشُّكْرُ · Pronouns | C4: فرز في سلّتين sort | D4: 1 | E4: للجميع both | F4: السلّتان: لِلْوَلَدِ 👦 | لِلْبِنْتِ 👧 | G4: هُوَ ← لِلْوَلَدِ 👦؛ هِيَ ← لِلْبِنْتِ 👧؛ أَنْتَ ← لِلْوَلَدِ 👦؛ أَنْتِ ← لِلْبِنْتِ 👧 | I4: تشكيل vowel marks
A5: pron.i4 | B5: الضَّمَائِرُ التَّحِيَّاتُ وَالشُّكْرُ · Pronouns | C5: اختيار الشكل الصحيح pick | D5: 2 | E5: للجميع both | F5: ___ أُحِبُّ الرَّسْمَ. 🎨 | G5: أَنَا | H5: هُوَ، نَحْنُ | I5: تشكيل vowel marks
A6: pron.i5 | B6: الضَّمَائِرُ التَّحِيَّاتُ وَالشُّكْرُ · Pronouns | C6: اختيار الشكل الصحيح pick | D6: 2 | E6: للجميع both | F6: ___ نَلْعَبُ مَعًا. ⚽ | G6: نَحْنُ | H6: أَنَا، هِيَ | I6: تشكيل vowel marks
A7: pron.i6 | B7: الضَّمَائِرُ التَّحِيَّاتُ وَالشُّكْرُ · Pronouns | C7: إصلاح الخطأ fix | D7: 2 | E7: للجميع both | F7: أَنْتِ وَلَدٌ ذَكِيٌّ | G7: أَنْتِ ← أَنْتَ | H7: هِيَ، نَحْنُ | I7: حركات ★ (الخيارات تختلف بالتشكيل فقط) vowel marks decide the answer | J7: ★
A8: pron.i7 | B8: الضَّمَائِرُ التَّحِيَّاتُ وَالشُّكْرُ · Pronouns | C8: اختيار الشكل الصحيح pick | D8: 3 | E8: للجميع both | F8: ___ تَكْتُبِينَ قِصَّةً جَمِيلَةً. | G8: أَنْتِ | H8: أَنْتَ، هِيَ | I8: حركات ★ (الخيارات تختلف بالتشكيل فقط) vowel marks decide the answer | J8: ★
A9: pron.i8 | B9: الضَّمَائِرُ التَّحِيَّاتُ وَالشُّكْرُ · Pronouns | C9: ترتيب الجملة build | D9: 3 | E9: ولد boy | F9: رتّب: أَنَا / طَالِبٌ / فِي / الصَّفِّ / الخَامِسِ | G9: أَنَا طَالِبٌ فِي الصَّفِّ الخَامِسِ | I9: تشكيل vowel marks
A10: pron.i8 | B10: الضَّمَائِرُ التَّحِيَّاتُ وَالشُّكْرُ · Pronouns | C10: ترتيب الجملة build | D10: 3 | E10: بنت girl | F10: رتّب: أَنَا / طَالِبَةٌ / فِي / الصَّفِّ / الخَامِسِ | G10: أَنَا طَالِبَةٌ فِي الصَّفِّ الخَامِسِ | I10: تشكيل vowel marks
A11: num.i1 | B11: المُفْرَدُ وَالمُثَنَّى وَالجَمْعُ الأَعْدَادُ · One, two, many | C11: فرز في سلّتين sort | D11: 1 | E11: للجميع both | F11: السلّتان: وَاحِدٌ ☝️ | اِثْنَانِ ✌️ | G11: قَلَمٌ ← وَاحِدٌ ☝️؛ قَلَمَانِ ← اِثْنَانِ ✌️؛ بَابٌ ← وَاحِدٌ ☝️؛ بَابَانِ ← اِثْنَانِ ✌️ | I11: تشكيل vowel marks
A12: num.i2 | B12: المُفْرَدُ وَالمُثَنَّى وَالجَمْعُ الأَعْدَادُ · One, two, many | C12: اختيار الشكل الصحيح pick | D12: 1 | E12: للجميع both | F12: 🍎🍎 ___ | G12: تُفَّاحَتَانِ | H12: تُفَّاحَةٌ | I12: تشكيل vowel marks
A13: num.i3 | B13: المُفْرَدُ وَالمُثَنَّى وَالجَمْعُ الأَعْدَادُ · One, two, many | C13: سحب النهاية (حركة/تنوين) ending drag | D13: 2 | E13: للجميع both | F13: ✏️✏️ ___ (الكلمة: قَلَم) | G13: قَلَمَانِ | H13: قَلَمٌ، قَلَمُونَ | I13: إعراب ★ (حركة آخر الكلمة / التنوين) case ending | J13: ★
A14: num.i4 | B14: المُفْرَدُ وَالمُثَنَّى وَالجَمْعُ الأَعْدَادُ · One, two, many | C14: سحب النهاية (حركة/تنوين) ending drag | D14: 2 | E14: للجميع both | F14: 🧑‍🏫🧑‍🏫🧑‍🏫 ___ (الكلمة: مُعَلِّم) | G14: مُعَلِّمُونَ | H14: مُعَلِّمَانِ، مُعَلِّمَةٌ | I14: إعراب ★ (حركة آخر الكلمة / التنوين) case ending | J14: ★
A15: num.i5 | B15: المُفْرَدُ وَالمُثَنَّى وَالجَمْعُ الأَعْدَادُ · One, two, many | C15: سحب النهاية (حركة/تنوين) ending drag | D15: 2 | E15: للجميع both | F15: 👩‍🏫👩‍🏫👩‍🏫 ___ (الكلمة: مُعَلِّم) | G15: مُعَلِّمَاتٌ | H15: مُعَلِّمُونَ، مُعَلِّمَتَانِ | I15: إعراب ★ (حركة آخر الكلمة / التنوين) case ending | J15: ★
A16: num.i6 | B16: المُفْرَدُ وَالمُثَنَّى وَالجَمْعُ الأَعْدَادُ · One, two, many | C16: اختيار الشكل الصحيح pick | D16: 3 | E16: للجميع both | F16: فِي حَقِيبَتِي ثَلَاثَةُ ___ 📚 | G16: كُتُبٍ | H16: كِتَابٍ، كِتَابَانِ | I16: تشكيل vowel marks
A17: num.i7 | B17: المُفْرَدُ وَالمُثَنَّى وَالجَمْعُ الأَعْدَادُ · One, two, many | C17: إصلاح الخطأ fix | D17: 3 | E17: للجميع both | F17: عِنْدِي قَلَمَانِ وَخَمْسَةُ كِتَابٍ | G17: كِتَابٍ ← كُتُبٍ | H17: كِتَابَانِ، كِتَابٌ | I17: حركات ★ (الخيارات تختلف بالتشكيل فقط) vowel marks decide the answer | J17: ★
A18: adj.i1 | B18: الصِّفَةُ وَالمَوْصُوفُ الأَلْوَانُ وَالأَشْكَالُ · Describing words agree | C18: اختيار الشكل الصحيح pick | D18: 1 | E18: للجميع both | F18: 🌹 وَرْدَةٌ ___ | G18: حَمْرَاءُ | H18: أَحْمَرُ | I18: تشكيل vowel marks
A19: adj.i2 | B19: الصِّفَةُ وَالمَوْصُوفُ الأَلْوَانُ وَالأَشْكَالُ · Describing words agree | C19: اختيار الشكل الصحيح pick | D19: 1 | E19: للجميع both | F19: 👕 قَمِيصٌ ___ | G19: أَزْرَقُ | H19: زَرْقَاءُ | I19: تشكيل vowel marks
A20: adj.i3 | B20: الصِّفَةُ وَالمَوْصُوفُ الأَلْوَانُ وَالأَشْكَالُ · Describing words agree | C20: سحب النهاية (حركة/تنوين) ending drag | D20: 2 | E20: للجميع both | F20: 👧 بِنْتٌ ___ (الكلمة: سَعِيد) | G20: سَعِيدَةٌ | H20: سَعِيدٌ، سَعِيدَانِ | I20: إعراب ★ (حركة آخر الكلمة / التنوين) case ending | J20: ★
A21: adj.i4 | B21: الصِّفَةُ وَالمَوْصُوفُ الأَلْوَانُ وَالأَشْكَالُ · Describing words agree | C21: فرز في سلّتين sort | D21: 2 | E21: للجميع both | F21: السلّتان: قِطَّةٌ… | قِطٌّ… | G21: بَيْضَاءُ ← قِطَّةٌ…؛ أَبْيَضُ ← قِطٌّ…؛ سَرِيعَةٌ ← قِطَّةٌ…؛ سَرِيعٌ ← قِطٌّ…؛ صَغِيرَةٌ ← قِطَّةٌ…؛ كَبِيرٌ ← قِطٌّ… | I21: تشكيل vowel marks
A22: adj.i5 | B22: الصِّفَةُ وَالمَوْصُوفُ الأَلْوَانُ وَالأَشْكَالُ · Describing words agree | C22: إصلاح الخطأ fix | D22: 3 | E22: للجميع both | F22: اِشْتَرَيْتُ حَقِيبَةً جَدِيدًا | G22: جَدِيدًا ← جَدِيدَةً | H22: جَدِيدٌ، جُدُدٌ | I22: تشكيل vowel marks
A23: adj.i6 | B23: الصِّفَةُ وَالمَوْصُوفُ الأَلْوَانُ وَالأَشْكَالُ · Describing words agree | C23: ترتيب الجملة build | D23: 3 | E23: للجميع both | F23: رتّب: رَأَيْتُ / سَمَكَةً / صَفْرَاءَ / جَمِيلَةً | G23: رَأَيْتُ سَمَكَةً صَفْرَاءَ جَمِيلَةً | I23: تشكيل vowel marks
A24: gen.i1 | B24: المُذَكَّرُ وَالمُؤَنَّثُ الحَيَوَانَاتُ وَجِسْمِي · Boy words and girl words | C24: فرز في سلّتين sort | D24: 1 | E24: للجميع both | F24: السلّتان: مُذَكَّرٌ 👦 | مُؤَنَّثٌ 👧 | G24: قِطٌّ ← مُذَكَّرٌ 👦؛ قِطَّةٌ ← مُؤَنَّثٌ 👧؛ طَبِيبٌ ← مُذَكَّرٌ 👦؛ طَبِيبَةٌ ← مُؤَنَّثٌ 👧 | I24: تشكيل vowel marks
A25: gen.i2 | B25: المُذَكَّرُ وَالمُؤَنَّثُ الحَيَوَانَاتُ وَجِسْمِي · Boy words and girl words | C25: سحب النهاية (حركة/تنوين) ending drag | D25: 1 | E25: للجميع both | F25: 👩‍🏫 ___ (الكلمة: مُعَلِّم) | G25: مُعَلِّمَةٌ | H25: مُعَلِّمٌ | I25: إعراب ★ (حركة آخر الكلمة / التنوين) case ending | J25: ★
A26: gen.i3 | B26: المُذَكَّرُ وَالمُؤَنَّثُ الحَيَوَانَاتُ وَجِسْمِي · Boy words and girl words | C26: سحب النهاية (حركة/تنوين) ending drag | D26: 2 | E26: للجميع both | F26: 👧 ___ وَفِيَّةٌ (الكلمة: صَدِيق) | G26: صَدِيقَةٌ | H26: صَدِيقٌ، صَدِيقُونَ | I26: إعراب ★ (حركة آخر الكلمة / التنوين) case ending | J26: ★
A27: gen.i4 | B27: المُذَكَّرُ وَالمُؤَنَّثُ الحَيَوَانَاتُ وَجِسْمِي · Boy words and girl words | C27: فرز في سلّتين sort | D27: 2 | E27: للجميع both | F27: السلّتان: مُذَكَّرٌ 👦 | مُؤَنَّثٌ 👧 | G27: بِنْتٌ ← مُؤَنَّثٌ 👧؛ أَبٌ ← مُذَكَّرٌ 👦؛ أُمٌّ ← مُؤَنَّثٌ 👧؛ جَمَلٌ ← مُذَكَّرٌ 👦؛ نَاقَةٌ ← مُؤَنَّثٌ 👧؛ حِصَانٌ ← مُذَكَّرٌ 👦 | I27: تشكيل vowel marks
A28: gen.i5 | B28: المُذَكَّرُ وَالمُؤَنَّثُ الحَيَوَانَاتُ وَجِسْمِي · Boy words and girl words | C28: اختيار الشكل الصحيح pick | D28: 3 | E28: للجميع both | F28: 🦁 أُنْثَى الأَسَدِ: | G28: لَبُؤَةٌ | H28: أَسَدَةٌ، أُسُودٌ | I28: تشكيل vowel marks
A29: gen.i6 | B29: المُذَكَّرُ وَالمُؤَنَّثُ الحَيَوَانَاتُ وَجِسْمِي · Boy words and girl words | C29: إصلاح الخطأ fix | D29: 3 | E29: للجميع both | F29: الطَّبِيبَةُ لَطِيفٌ جِدًّا | G29: لَطِيفٌ ← لَطِيفَةٌ | H29: لُطَفَاءُ، لَطِيفَانِ | I29: تشكيل vowel marks
A30: dem.i1 | B30: اسْمُ الإِشَارَةِ عَائِلَتِي · This (boy/girl) | C30: اختيار الشكل الصحيح pick | D30: 1 | E30: للجميع both | F30: 👩 ___ أُمِّي. | G30: هَذِهِ | H30: هَذَا | I30: تشكيل vowel marks
A31: dem.i2 | B31: اسْمُ الإِشَارَةِ عَائِلَتِي · This (boy/girl) | C31: اختيار الشكل الصحيح pick | D31: 1 | E31: للجميع both | F31: 👴 ___ جَدِّي. | G31: هَذَا | H31: هَذِهِ | I31: تشكيل vowel marks
A32: dem.i3 | B32: اسْمُ الإِشَارَةِ عَائِلَتِي · This (boy/girl) | C32: فرز في سلّتين sort | D32: 2 | E32: للجميع both | F32: السلّتان: هَذَا | هَذِهِ | G32: بَيْتٌ ← هَذَا؛ سَيَّارَةٌ ← هَذِهِ؛ قَلَمٌ ← هَذَا؛ مَدْرَسَةٌ ← هَذِهِ؛ شَمْسٌ ← هَذِهِ؛ كُرْسِيٌّ ← هَذَا | I32: تشكيل vowel marks
A33: dem.i4 | B33: اسْمُ الإِشَارَةِ عَائِلَتِي · This (boy/girl) | C33: إصلاح الخطأ fix | D33: 2 | E33: للجميع both | F33: هَذَا أُخْتِي الصَّغِيرَةُ | G33: هَذَا ← هَذِهِ | H33: ذَلِكَ، هَذَانِ | I33: تشكيل vowel marks
A34: dem.i5 | B34: اسْمُ الإِشَارَةِ عَائِلَتِي · This (boy/girl) | C34: اختيار الشكل الصحيح pick | D34: 3 | E34: للجميع both | F34: 🏔️ (بَعِيدٌ) ___ جَبَلٌ عَالٍ. | G34: ذَلِكَ | H34: تِلْكَ، هَذِهِ | I34: تشكيل vowel marks
A35: dem.i6 | B35: اسْمُ الإِشَارَةِ عَائِلَتِي · This (boy/girl) | C35: اختيار الشكل الصحيح pick | D35: 3 | E35: للجميع both | F35: ⭐ (بَعِيدَةٌ) ___ نَجْمَةٌ لَامِعَةٌ. | G35: تِلْكَ | H35: ذَلِكَ، هَذَا | I35: تشكيل vowel marks
A36: al.i1 | B36: ال وَالحُرُوفُ الشَّمْسِيَّةُ وَالقَمَرِيَّةُ الأَيَّامُ وَالطَّقْسُ · ال with sun and moon letters | C36: فرز في سلّتين sort | D36: 1 | E36: للجميع both | F36: السلّتان: قَمَرِيَّةٌ 🌙 | شَمْسِيَّةٌ ☀️ | G36: القَمَرُ ← قَمَرِيَّةٌ 🌙؛ الشَّمْسُ ← شَمْسِيَّةٌ ☀️؛ البَابُ ← قَمَرِيَّةٌ 🌙؛ النُّورُ ← شَمْسِيَّةٌ ☀️ | I36: تشكيل vowel marks
A37: al.i2 | B37: ال وَالحُرُوفُ الشَّمْسِيَّةُ وَالقَمَرِيَّةُ الأَيَّامُ وَالطَّقْسُ · ال with sun and moon letters | C37: اختيار الشكل الصحيح pick | D37: 1 | E37: للجميع both | F37: أَيُّ كَلِمَةٍ نَسْمَعُ فِيهَا اللَّامَ؟ 👂 | G37: القَمَرُ | H37: الشَّمْسُ | I37: تشكيل vowel marks
A38: al.i3 | B38: ال وَالحُرُوفُ الشَّمْسِيَّةُ وَالقَمَرِيَّةُ الأَيَّامُ وَالطَّقْسُ · ال with sun and moon letters | C38: فرز في سلّتين sort | D38: 2 | E38: للجميع both | F38: السلّتان: قَمَرِيَّةٌ 🌙 | شَمْسِيَّةٌ ☀️ | G38: الوَلَدُ ← قَمَرِيَّةٌ 🌙؛ الدَّرْسُ ← شَمْسِيَّةٌ ☀️؛ الجَمَلُ ← قَمَرِيَّةٌ 🌙؛ التُّفَّاحُ ← شَمْسِيَّةٌ ☀️؛ العَيْنُ ← قَمَرِيَّةٌ 🌙؛ الزَّهْرَةُ ← شَمْسِيَّةٌ ☀️ | I38: تشكيل vowel marks
A39: al.i4 | B39: ال وَالحُرُوفُ الشَّمْسِيَّةُ وَالقَمَرِيَّةُ الأَيَّامُ وَالطَّقْسُ · ال with sun and moon letters | C39: اختيار الشكل الصحيح pick | D39: 2 | E39: للجميع both | F39: أَيُّ كَلِمَةٍ لَا نَسْمَعُ فِيهَا اللَّامَ؟ | G39: الطَّائِرَةُ | H39: البَحْرُ، المَطَرُ | I39: تشكيل vowel marks
A40: al.i5 | B40: ال وَالحُرُوفُ الشَّمْسِيَّةُ وَالقَمَرِيَّةُ الأَيَّامُ وَالطَّقْسُ · ال with sun and moon letters | C40: إصلاح الخطأ fix | D40: 3 | E40: للجميع both | F40: الشَّمْسُ جَمِيلَةٌ فِي صَّبَاحِ | G40: صَّبَاحِ ← الصَّبَاحِ | H40: صَبَاحَانِ، صُبْحٌ | I40: تشكيل vowel marks
A41: al.i6 | B41: ال وَالحُرُوفُ الشَّمْسِيَّةُ وَالقَمَرِيَّةُ الأَيَّامُ وَالطَّقْسُ · ال with sun and moon letters | C41: ترتيب الجملة build | D41: 3 | E41: للجميع both | F41: رتّب: الشَّمْسُ / حَارَّةٌ / وَالقَمَرُ / مُنِيرٌ | G41: الشَّمْسُ حَارَّةٌ وَالقَمَرُ مُنِيرٌ | I41: تشكيل vowel marks
A42: q.i1 | B42: أَدَوَاتُ الاسْتِفْهَامِ الطَّعَامُ · Question words | C42: اختيار الشكل الصحيح pick | D42: 1 | E42: للجميع both | F42: ___ تَأْكُلُ؟ 🥪 آكُلُ خُبْزًا. | G42: مَاذَا | H42: أَيْنَ | I42: تشكيل vowel marks
A43: q.i2 | B43: أَدَوَاتُ الاسْتِفْهَامِ الطَّعَامُ · Question words | C43: اختيار الشكل الصحيح pick | D43: 1 | E43: للجميع both | F43: ___ المَطْعَمُ؟ 📍 فِي السُّوقِ. | G43: أَيْنَ | H43: مَاذَا | I43: تشكيل vowel marks
A44: q.i3 | B44: أَدَوَاتُ الاسْتِفْهَامِ الطَّعَامُ · Question words | C44: اختيار الشكل الصحيح pick | D44: 2 | E44: للجميع both | F44: ___ تُفَّاحَةً فِي السَّلَّةِ؟ 🍎 ثَلَاثٌ. | G44: كَمْ | H44: مَتَى، مَنْ | I44: تشكيل vowel marks
A45: q.i4 | B45: أَدَوَاتُ الاسْتِفْهَامِ الطَّعَامُ · Question words | C45: اختيار الشكل الصحيح pick | D45: 2 | E45: للجميع both | F45: ___ مَوْعِدُ الغَدَاءِ؟ ⏰ فِي السَّاعَةِ الوَاحِدَةِ. | G45: مَتَى | H45: أَيْنَ، كَمْ | I45: تشكيل vowel marks
A46: q.i5 | B46: أَدَوَاتُ الاسْتِفْهَامِ الطَّعَامُ · Question words | C46: إصلاح الخطأ fix | D46: 3 | E46: للجميع both | F46: أَيْنَ تُفَّاحَةً فِي السَّلَّةِ؟ | G46: أَيْنَ ← كَمْ | H46: مَتَى، مَاذَا | I46: تشكيل vowel marks
A47: q.i6 | B47: أَدَوَاتُ الاسْتِفْهَامِ الطَّعَامُ · Question words | C47: ترتيب الجملة build | D47: 3 | E47: ولد boy | F47: رتّب: مَاذَا / تَشْرَبُ / فِي / الصَّبَاحِ؟ | G47: مَاذَا تَشْرَبُ فِي الصَّبَاحِ؟ | I47: تشكيل vowel marks
A48: q.i6 | B48: أَدَوَاتُ الاسْتِفْهَامِ الطَّعَامُ · Question words | C48: ترتيب الجملة build | D48: 3 | E48: بنت girl | F48: رتّب: مَاذَا / تَشْرَبِينَ / فِي / الصَّبَاحِ؟ | G48: مَاذَا تَشْرَبِينَ فِي الصَّبَاحِ؟ | I48: تشكيل vowel marks
A49: prep.i1 | B49: حُرُوفُ الجَرِّ المَدْرَسَةُ وَالمُوَاصَلَاتُ · Little place words | C49: اختيار الشكل الصحيح pick | D49: 1 | E49: للجميع both | F49: 📚 الكِتَابُ ___ الطَّاوِلَةِ. | G49: عَلَى | H49: فِي | I49: تشكيل vowel marks
A50: prep.i2 | B50: حُرُوفُ الجَرِّ المَدْرَسَةُ وَالمُوَاصَلَاتُ · Little place words | C50: اختيار الشكل الصحيح pick | D50: 1 | E50: للجميع both | F50: 🐟 السَّمَكَةُ ___ المَاءِ. | G50: فِي | H50: عَلَى | I50: تشكيل vowel marks
A51: prep.i3 | B51: حُرُوفُ الجَرِّ المَدْرَسَةُ وَالمُوَاصَلَاتُ · Little place words | C51: اختيار الشكل الصحيح pick | D51: 2 | E51: للجميع both | F51: 🚌 أَذْهَبُ ___ المَدْرَسَةِ بِالحَافِلَةِ. | G51: إِلَى | H51: عَلَى، فِي | I51: تشكيل vowel marks
A52: prep.i4 | B52: حُرُوفُ الجَرِّ المَدْرَسَةُ وَالمُوَاصَلَاتُ · Little place words | C52: ترتيب الجملة build | D52: 2 | E52: للجميع both | F52: رتّب: القَلَمُ / فِي / الحَقِيبَةِ | G52: القَلَمُ فِي الحَقِيبَةِ | I52: تشكيل vowel marks
A53: prep.i5 | B53: حُرُوفُ الجَرِّ المَدْرَسَةُ وَالمُوَاصَلَاتُ · Little place words | C53: اختيار الشكل الصحيح pick | D53: 3 | E53: للجميع both | F53: رَجَعَ أَبِي ___ العَمَلِ مَسَاءً. | G53: مِنَ | H53: إِلَى، عَلَى | I53: تشكيل vowel marks
A54: prep.i6 | B54: حُرُوفُ الجَرِّ المَدْرَسَةُ وَالمُوَاصَلَاتُ · Little place words | C54: إصلاح الخطأ fix | D54: 3 | E54: للجميع both | F54: جَلَسْتُ عَلَى الكُرْسِيُّ | G54: الكُرْسِيُّ ← الكُرْسِيِّ | H54: الكُرْسِيَّ، كُرْسِيٌّ | I54: حركات ★ (الخيارات تختلف بالتشكيل فقط) vowel marks decide the answer | J54: ★
A55: pres.i1 | B55: الفِعْلُ المُضَارِعُ يَوْمِي وَالسَّاعَةُ · Verbs now (present) | C55: اختيار الشكل الصحيح pick | D55: 1 | E55: للجميع both | F55: ⚽ هُوَ ___ الكُرَةَ. | G55: يَلْعَبُ | H55: تَلْعَبُ | I55: تشكيل vowel marks
A56: pres.i2 | B56: الفِعْلُ المُضَارِعُ يَوْمِي وَالسَّاعَةُ · Verbs now (present) | C56: اختيار الشكل الصحيح pick | D56: 1 | E56: للجميع both | F56: 💧 أَنَا ___ المَاءَ. | G56: أَشْرَبُ | H56: يَشْرَبُ | I56: تشكيل vowel marks
A57: pres.i3 | B57: الفِعْلُ المُضَارِعُ يَوْمِي وَالسَّاعَةُ · Verbs now (present) | C57: سحب النهاية (حركة/تنوين) ending drag | D57: 2 | E57: للجميع both | F57: نَحْنُ ___ الدَّرْسَ. (الكلمة: ـكْتُبُ) | G57: نَكْتُبُ | H57: أَكْتُبُ، يَكْتُبُ | I57: إعراب ★ (حركة آخر الكلمة / التنوين) case ending | J57: ★
A58: pres.i4 | B58: الفِعْلُ المُضَارِعُ يَوْمِي وَالسَّاعَةُ · Verbs now (present) | C58: سحب النهاية (حركة/تنوين) ending drag | D58: 2 | E58: للجميع both | F58: هِيَ ___ قِصَّةً. (الكلمة: ـقْرَأُ) | G58: تَقْرَأُ | H58: يَقْرَأُ، أَقْرَأُ | I58: إعراب ★ (حركة آخر الكلمة / التنوين) case ending | J58: ★
A59: pres.i5 | B59: الفِعْلُ المُضَارِعُ يَوْمِي وَالسَّاعَةُ · Verbs now (present) | C59: إصلاح الخطأ fix | D59: 3 | E59: للجميع both | F59: البِنْتُ يَنَامُ مُبَكِّرًا | G59: يَنَامُ ← تَنَامُ | H59: أَنَامُ، نَنَامُ | I59: تشكيل vowel marks
A60: pres.i6 | B60: الفِعْلُ المُضَارِعُ يَوْمِي وَالسَّاعَةُ · Verbs now (present) | C60: ترتيب الجملة build | D60: 3 | E60: للجميع both | F60: رتّب: أَسْتَيْقِظُ / فِي / السَّاعَةِ / السَّابِعَةِ | G60: أَسْتَيْقِظُ فِي السَّاعَةِ السَّابِعَةِ | I60: تشكيل vowel marks
A61: sent.i1 | B61: الجُمْلَةُ الاسْمِيَّةُ وَالفِعْلِيَّةُ الهِوَايَاتُ وَالرِّيَاضَةُ · Two kinds of sentence | C61: فرز في سلّتين sort | D61: 1 | E61: للجميع both | F61: السلّتان: فِعْلِيَّةٌ 🏃 | اسْمِيَّةٌ 🏷️ | G61: يَسْبَحُ الوَلَدُ. ← فِعْلِيَّةٌ 🏃؛ الكُرَةُ كَبِيرَةٌ. ← اسْمِيَّةٌ 🏷️؛ رَكَضَتِ البِنْتُ. ← فِعْلِيَّةٌ 🏃؛ الفَرِيقُ قَوِيٌّ. ← اسْمِيَّةٌ 🏷️ | I61: تشكيل vowel marks
A62: sent.i2 | B62: الجُمْلَةُ الاسْمِيَّةُ وَالفِعْلِيَّةُ الهِوَايَاتُ وَالرِّيَاضَةُ · Two kinds of sentence | C62: اختيار الشكل الصحيح pick | D62: 2 | E62: للجميع both | F62: أَيُّ جُمْلَةٍ فِعْلِيَّةٌ؟ | G62: يَرْسُمُ أَخِي لَوْحَةً. | H62: أَخِي رَسَّامٌ.، اللَّوْحَةُ جَمِيلَةٌ. | I62: تشكيل vowel marks
A63: sent.i3 | B63: الجُمْلَةُ الاسْمِيَّةُ وَالفِعْلِيَّةُ الهِوَايَاتُ وَالرِّيَاضَةُ · Two kinds of sentence | C63: ترتيب الجملة build | D63: 2 | E63: للجميع both | F63: رتّب: يَلْعَبُ / الأَطْفَالُ / فِي / الحَدِيقَةِ | G63: يَلْعَبُ الأَطْفَالُ فِي الحَدِيقَةِ | I63: تشكيل vowel marks
A64: sent.i4 | B64: الجُمْلَةُ الاسْمِيَّةُ وَالفِعْلِيَّةُ الهِوَايَاتُ وَالرِّيَاضَةُ · Two kinds of sentence | C64: اختيار الشكل الصحيح pick | D64: 3 | E64: ولد boy | F64: اِجْعَلْهَا اسْمِيَّةً: يَقْرَأُ الوَلَدُ. | G64: الوَلَدُ يَقْرَأُ. | H64: قَرَأَ الوَلَدُ.، يَقْرَأُ الأَوْلَادُ. | I64: تشكيل vowel marks
A65: sent.i4 | B65: الجُمْلَةُ الاسْمِيَّةُ وَالفِعْلِيَّةُ الهِوَايَاتُ وَالرِّيَاضَةُ · Two kinds of sentence | C65: اختيار الشكل الصحيح pick | D65: 3 | E65: بنت girl | F65: اِجْعَلِيهَا اسْمِيَّةً: يَقْرَأُ الوَلَدُ. | G65: الوَلَدُ يَقْرَأُ. | H65: قَرَأَ الوَلَدُ.، يَقْرَأُ الأَوْلَادُ. | I65: تشكيل vowel marks
A66: sent.i5 | B66: الجُمْلَةُ الاسْمِيَّةُ وَالفِعْلِيَّةُ الهِوَايَاتُ وَالرِّيَاضَةُ · Two kinds of sentence | C66: ترتيب الجملة build | D66: 3 | E66: للجميع both | F66: رتّب: الرِّيَاضَةُ / مُفِيدَةٌ / لِلْجِسْمِ | G66: الرِّيَاضَةُ مُفِيدَةٌ لِلْجِسْمِ | I66: تشكيل vowel marks
A67: neg.i1 | B67: النَّفْيُ الطَّعَامُ الصِّحِّيُّ وَالمَقْهَى · Saying no | C67: اختيار الشكل الصحيح pick | D67: 1 | E67: للجميع both | F67: 🙅 ___ أُحِبُّ البَصَلَ. | G67: لَا | H67: هَلْ | I67: تشكيل vowel marks
A68: neg.i2 | B68: النَّفْيُ الطَّعَامُ الصِّحِّيُّ وَالمَقْهَى · Saying no | C68: اختيار الشكل الصحيح pick | D68: 1 | E68: للجميع both | F68: 🥤 ___ أَشْرَبُ المَشْرُوبَاتِ الغَازِيَّةَ. | G68: لَا | H68: مَتَى | I68: تشكيل vowel marks
A69: neg.i3 | B69: النَّفْيُ الطَّعَامُ الصِّحِّيُّ وَالمَقْهَى · Saying no | C69: اختيار الشكل الصحيح pick | D69: 2 | E69: للجميع both | F69: ___ العَصِيرُ بَارِدًا. | G69: لَيْسَ | H69: لَيْسَتِ، لَمْ | I69: تشكيل vowel marks
A70: neg.i4 | B70: النَّفْيُ الطَّعَامُ الصِّحِّيُّ وَالمَقْهَى · Saying no | C70: اختيار الشكل الصحيح pick | D70: 2 | E70: للجميع both | F70: ___ السَّلَطَةُ مَالِحَةً. | G70: لَيْسَتِ | H70: لَيْسَ، لَمْ | I70: تشكيل vowel marks
A71: neg.i5 | B71: النَّفْيُ الطَّعَامُ الصِّحِّيُّ وَالمَقْهَى · Saying no | C71: إصلاح الخطأ fix | D71: 3 | E71: للجميع both | F71: لَمْ آكُلُ الحَلْوَى اليَوْمَ | G71: آكُلُ ← آكُلِ | H71: آكُلَ، أَكَلْتُ | I71: حركات ★ (الخيارات تختلف بالتشكيل فقط) vowel marks decide the answer | J71: ★
A72: neg.i6 | B72: النَّفْيُ الطَّعَامُ الصِّحِّيُّ وَالمَقْهَى · Saying no | C72: ترتيب الجملة build | D72: 3 | E72: للجميع both | F72: رتّب: لَيْسَ / الطَّعَامُ / السَّرِيعُ / مُفِيدًا | G72: لَيْسَ الطَّعَامُ السَّرِيعُ مُفِيدًا | I72: تشكيل vowel marks
A73: poss.i1 | B73: الضَّمَائِرُ المُتَّصِلَةُ ثَقَافَةُ الإِمَارَاتِ · My, your, his, her | C73: سحب النهاية (حركة/تنوين) ending drag | D73: 1 | E73: للجميع both | F73: 🙋 أَنَا: ___ (الكلمة: بَيْت) | G73: بَيْتِي | H73: بَيْتُكَ | I73: إعراب ★ (حركة آخر الكلمة / التنوين) case ending | J73: ★
A74: poss.i2 | B74: الضَّمَائِرُ المُتَّصِلَةُ ثَقَافَةُ الإِمَارَاتِ · My, your, his, her | C74: سحب النهاية (حركة/تنوين) ending drag | D74: 1 | E74: للجميع both | F74: 👩 هِيَ: ___ (الكلمة: قَلَم) | G74: قَلَمُهَا | H74: قَلَمُهُ | I74: إعراب ★ (حركة آخر الكلمة / التنوين) case ending | J74: ★
A75: poss.i3 | B75: الضَّمَائِرُ المُتَّصِلَةُ ثَقَافَةُ الإِمَارَاتِ · My, your, his, her | C75: سحب النهاية (حركة/تنوين) ending drag | D75: 2 | E75: للجميع both | F75: 👨‍👩‍👧 نَحْنُ: ___ (الكلمة: عَلَم) | G75: عَلَمُنَا | H75: عَلَمُكَ، عَلَمِي | I75: إعراب ★ (حركة آخر الكلمة / التنوين) case ending | J75: ★
A76: poss.i4 | B76: الضَّمَائِرُ المُتَّصِلَةُ ثَقَافَةُ الإِمَارَاتِ · My, your, his, her | C76: اختيار الشكل الصحيح pick | D76: 2 | E76: للجميع both | F76: هَذِهِ حَقِيبَةُ أُخْتِي. هَذِهِ ___ | G76: حَقِيبَتُهَا | H76: حَقِيبَتُهُ، حَقِيبَتُنَا | I76: تشكيل vowel marks
A77: poss.i5 | B77: الضَّمَائِرُ المُتَّصِلَةُ ثَقَافَةُ الإِمَارَاتِ · My, your, his, her | C77: إصلاح الخطأ fix | D77: 3 | E77: للجميع both | F77: يُحِبُّ الوَلَدُ وَطَنَهَا | G77: وَطَنَهَا ← وَطَنَهُ | H77: وَطَنُهُ، وَطَنِهَا | I77: حركات ★ (الخيارات تختلف بالتشكيل فقط) vowel marks decide the answer | J77: ★
A78: poss.i6 | B78: الضَّمَائِرُ المُتَّصِلَةُ ثَقَافَةُ الإِمَارَاتِ · My, your, his, her | C78: ترتيب الجملة build | D78: 3 | E78: للجميع both | F78: رتّب: نُحِبُّ / بَلَدَنَا / الإِمَارَاتِ | G78: نُحِبُّ بَلَدَنَا الإِمَارَاتِ | I78: تشكيل vowel marks
A79: mub.i1 | B79: المُبْتَدَأُ وَالخَبَرُ أُعَرِّفُ بِنَفْسِي · Subject and news (إعراب) | C79: العثور على الكلمة tap | D79: 1 | E79: ولد boy | F79: اُنْقُرْ عَلَى المُبْتَدَأِ: الشَّمْسُ سَاطِعَةٌ. | G79: الشَّمْسُ | I79: إعراب ★ (حركة آخر الكلمة / التنوين) case ending | J79: ★
A80: mub.i1 | B80: المُبْتَدَأُ وَالخَبَرُ أُعَرِّفُ بِنَفْسِي · Subject and news (إعراب) | C80: العثور على الكلمة tap | D80: 1 | E80: بنت girl | F80: اُنْقُرِي عَلَى المُبْتَدَأِ: الشَّمْسُ سَاطِعَةٌ. | G80: الشَّمْسُ | I80: إعراب ★ (حركة آخر الكلمة / التنوين) case ending | J80: ★
A81: mub.i2 | B81: المُبْتَدَأُ وَالخَبَرُ أُعَرِّفُ بِنَفْسِي · Subject and news (إعراب) | C81: العثور على الكلمة tap | D81: 1 | E81: ولد boy | F81: اُنْقُرْ عَلَى الخَبَرِ: الجَوُّ حَارٌّ. | G81: حَارٌّ. | I81: إعراب ★ (حركة آخر الكلمة / التنوين) case ending | J81: ★
A82: mub.i2 | B82: المُبْتَدَأُ وَالخَبَرُ أُعَرِّفُ بِنَفْسِي · Subject and news (إعراب) | C82: العثور على الكلمة tap | D82: 1 | E82: بنت girl | F82: اُنْقُرِي عَلَى الخَبَرِ: الجَوُّ حَارٌّ. | G82: حَارٌّ. | I82: إعراب ★ (حركة آخر الكلمة / التنوين) case ending | J82: ★
A83: mub.i3 | B83: المُبْتَدَأُ وَالخَبَرُ أُعَرِّفُ بِنَفْسِي · Subject and news (إعراب) | C83: سحب النهاية (حركة/تنوين) ending drag | D83: 2 | E83: للجميع both | F83: ___ سَعِيدٌ. (الكلمة: الوَلَد) | G83: الوَلَدُ | H83: الوَلَدَ، الوَلَدِ | I83: إعراب ★ (حركة آخر الكلمة / التنوين) case ending | J83: ★
A84: mub.i4 | B84: المُبْتَدَأُ وَالخَبَرُ أُعَرِّفُ بِنَفْسِي · Subject and news (إعراب) | C84: اختيار الشكل الصحيح pick | D84: 2 | E84: ولد boy | F84: أَنَا ___ فِي الصَّفِّ السَّادِسِ. | G84: طَالِبٌ | H84: طَالِبًا، طَالِبٍ | I84: إعراب ★ (حركة آخر الكلمة / التنوين) case ending | J84: ★
A85: mub.i4 | B85: المُبْتَدَأُ وَالخَبَرُ أُعَرِّفُ بِنَفْسِي · Subject and news (إعراب) | C85: اختيار الشكل الصحيح pick | D85: 2 | E85: بنت girl | F85: أَنَا ___ فِي الصَّفِّ السَّادِسِ. | G85: طَالِبَةٌ | H85: طَالِبَةً، طَالِبَةٍ | I85: إعراب ★ (حركة آخر الكلمة / التنوين) case ending | J85: ★
A86: mub.i5 | B86: المُبْتَدَأُ وَالخَبَرُ أُعَرِّفُ بِنَفْسِي · Subject and news (إعراب) | C86: اختيار الشكل الصحيح pick | D86: 3 | E86: للجميع both | F86: المُعَلِّمُونَ نَشِيطُونَ. عَلَامَةُ رَفْعِ المُبْتَدَأِ: | G86: الوَاوُ | H86: الضَّمَّةُ، الأَلِفُ | I86: إعراب ★ (حركة آخر الكلمة / التنوين) case ending | J86: ★
A87: mub.i6 | B87: المُبْتَدَأُ وَالخَبَرُ أُعَرِّفُ بِنَفْسِي · Subject and news (إعراب) | C87: إصلاح الخطأ fix | D87: 3 | E87: للجميع both | F87: البَيْتَ كَبِيرٌ. | G87: البَيْتَ ← البَيْتُ | H87: البَيْتِ، بَيْتًا | I87: إعراب ★ (حركة آخر الكلمة / التنوين) case ending | J87: ★
A88: fail.i1 | B88: الفَاعِلُ وَالمَفْعُولُ بِهِ المَشَاعِرُ وَالصِّحَّةُ · Who did it, and to what (إعراب) | C88: العثور على الكلمة tap | D88: 1 | E88: للجميع both | F88: مَنْ قَامَ بِالفِعْلِ؟ قَرَأَتِ البِنْتُ القِصَّةَ. | G88: البِنْتُ | I88: إعراب ★ (حركة آخر الكلمة / التنوين) case ending | J88: ★
A89: fail.i2 | B89: الفَاعِلُ وَالمَفْعُولُ بِهِ المَشَاعِرُ وَالصِّحَّةُ · Who did it, and to what (إعراب) | C89: العثور على الكلمة tap | D89: 1 | E89: للجميع both | F89: مَاذَا أَكَلَ القِطُّ؟ أَكَلَ القِطُّ السَّمَكَةَ. | G89: السَّمَكَةَ. | I89: إعراب ★ (حركة آخر الكلمة / التنوين) case ending | J89: ★
A90: fail.i3 | B90: الفَاعِلُ وَالمَفْعُولُ بِهِ المَشَاعِرُ وَالصِّحَّةُ · Who did it, and to what (إعراب) | C90: سحب النهاية (حركة/تنوين) ending drag | D90: 2 | E90: للجميع both | F90: ⚽ رَكَلَ اللَّاعِبُ ___ (الكلمة: الكُرَة) | G90: الكُرَةَ | H90: الكُرَةُ، الكُرَةِ | I90: إعراب ★ (حركة آخر الكلمة / التنوين) case ending | J90: ★
A91: fail.i4 | B91: الفَاعِلُ وَالمَفْعُولُ بِهِ المَشَاعِرُ وَالصِّحَّةُ · Who did it, and to what (إعراب) | C91: فرز في سلّتين sort | D91: 2 | E91: للجميع both | F91: السلّتان: فَاعِلٌ | مَفْعُولٌ بِهِ | G91: الطَّبِيبَةُ ← فَاعِلٌ؛ المَرِيضَ ← مَفْعُولٌ بِهِ؛ اللَّاعِبُ ← فَاعِلٌ؛ الكُرَةَ ← مَفْعُولٌ بِهِ | I91: إعراب ★ (حركة آخر الكلمة / التنوين) case ending | J91: ★
A92: fail.i5 | B92: الفَاعِلُ وَالمَفْعُولُ بِهِ المَشَاعِرُ وَالصِّحَّةُ · Who did it, and to what (إعراب) | C92: إصلاح الخطأ fix | D92: 3 | E92: للجميع both | F92: فَتَحَ المُعَلِّمَ البَابَ. | G92: المُعَلِّمَ ← المُعَلِّمُ | H92: المُعَلِّمِ، مُعَلِّمًا | I92: إعراب ★ (حركة آخر الكلمة / التنوين) case ending | J92: ★
A93: fail.i6 | B93: الفَاعِلُ وَالمَفْعُولُ بِهِ المَشَاعِرُ وَالصِّحَّةُ · Who did it, and to what (إعراب) | C93: ترتيب الجملة build | D93: 3 | E93: للجميع both | F93: رتّب: يُسَاعِدُ / الطَّبِيبُ / المَرْضَى | G93: يُسَاعِدُ الطَّبِيبُ المَرْضَى | I93: إعراب ★ (حركة آخر الكلمة / التنوين) case ending | J93: ★
A94: past.i1 | B94: الفِعْلُ المَاضِي السَّفَرُ وَالعُطْلَةُ · Verbs that already happened | C94: اختيار الشكل الصحيح pick | D94: 1 | E94: للجميع both | F94: 🏖️ أَمْسِ ___ إِلَى البَحْرِ. | G94: ذَهَبْتُ | H94: أَذْهَبُ | I94: تشكيل vowel marks
A95: past.i2 | B95: الفِعْلُ المَاضِي السَّفَرُ وَالعُطْلَةُ · Verbs that already happened | C95: فرز في سلّتين sort | D95: 1 | E95: للجميع both | F95: السلّتان: أَمْسِ ⏪ | الآنَ ▶️ | G95: لَعِبْتُ ← أَمْسِ ⏪؛ أَلْعَبُ ← الآنَ ▶️؛ سَبَحَ ← أَمْسِ ⏪؛ يَسْبَحُ ← الآنَ ▶️ | I95: تشكيل vowel marks
A96: past.i3 | B96: الفِعْلُ المَاضِي السَّفَرُ وَالعُطْلَةُ · Verbs that already happened | C96: سحب النهاية (حركة/تنوين) ending drag | D96: 2 | E96: للجميع both | F96: ✈️ نَحْنُ ___ الطَّائِرَةَ. (الكلمة: رَكِب) | G96: رَكِبْنَا | H96: رَكِبَتْ، رَكِبَ | I96: إعراب ★ (حركة آخر الكلمة / التنوين) case ending | J96: ★
A97: past.i4 | B97: الفِعْلُ المَاضِي السَّفَرُ وَالعُطْلَةُ · Verbs that already happened | C97: سحب النهاية (حركة/تنوين) ending drag | D97: 2 | E97: للجميع both | F97: 👧 أُخْتِي ___ صُورَةً. (الكلمة: رَسَم) | G97: رَسَمَتْ | H97: رَسَمْتُ، رَسَمَ | I97: إعراب ★ (حركة آخر الكلمة / التنوين) case ending | J97: ★
A98: past.i5 | B98: الفِعْلُ المَاضِي السَّفَرُ وَالعُطْلَةُ · Verbs that already happened | C98: إصلاح الخطأ fix | D98: 3 | E98: للجميع both | F98: أَمْسِ تَزُورُ أُخْتِي جَدَّتَهَا. | G98: تَزُورُ ← زَارَتْ | H98: زَارَ، سَتَزُورُ | I98: تشكيل vowel marks
A99: past.i6 | B99: الفِعْلُ المَاضِي السَّفَرُ وَالعُطْلَةُ · Verbs that already happened | C99: ترتيب الجملة build | D99: 3 | E99: للجميع both | F99: رتّب: سَافَرْنَا / إِلَى / الجِبَالِ / فِي / العُطْلَةِ | G99: سَافَرْنَا إِلَى الجِبَالِ فِي العُطْلَةِ | I99: تشكيل vowel marks
A100: fut.i1 | B100: المُسْتَقْبَلُ: سَـ وَسَوْفَ البِيئَةُ وَخُطَطِي · Verbs for tomorrow | C100: فرز في سلّتين sort | D100: 1 | E100: للجميع both | F100: السلّتان: أَمْسِ ⏪ | غَدًا ⏩ | G100: زَرَعْتُ ← أَمْسِ ⏪؛ سَأَزْرَعُ ← غَدًا ⏩؛ نَظَّفْنَا ← أَمْسِ ⏪؛ سَوْفَ نُنَظِّفُ ← غَدًا ⏩ | I100: تشكيل vowel marks
...

Sheet مشاهد المحادثة
A1: الرقم ID | B1: اللهجة Dialect | C1: المشهد Scene | D1: من يقولها Who says it | E1: ولد / بنت Boy / girl | F1: الجملة The line | G1: المعنى English meaning | H1: الحالة Status | I1: الجملة المصحّحة Corrected line | J1: ملاحظات المعلّم Teacher notes
A2: sc.canteen.emirati.k1 | B2: الإماراتية Emirati | C2: مَقْصِفُ المَدْرَسَةِ School canteen | D2: جملة الطفل 1 child's key line | E2: للجميع both | F2: لَوْ سَمَحْت، أَبَا سَنْدْوِيشَة جِبْن. | G2: Excuse me, I want a cheese sandwich.
A3: sc.canteen.emirati.k2 | B3: الإماراتية Emirati | C3: مَقْصِفُ المَدْرَسَةِ School canteen | D3: جملة الطفل 2 child's key line | E3: للجميع both | F3: بْچَم العَصِير؟ | G3: How much is the juice?
A4: sc.canteen.emirati.k3 | B4: الإماراتية Emirati | C4: مَقْصِفُ المَدْرَسَةِ School canteen | D4: جملة الطفل 3 child's key line | E4: للجميع both | F4: مَشْكُور، هَذِي الفْلُوس. | G4: Thank you, here is the money.
A5: sc.canteen.emirati.t1 | B5: الإماراتية Emirati | C5: مَقْصِفُ المَدْرَسَةِ School canteen | D5: صقّور 1 Saqqour turn | E5: ولد boy | F5: هَلَا! شُو تَبَا اليُوم؟ | G5: Hi! What would you like today?
A6: sc.canteen.emirati.t1 | B6: الإماراتية Emirati | C6: مَقْصِفُ المَدْرَسَةِ School canteen | D6: صقّور 1 Saqqour turn | E6: بنت girl | F6: هَلَا! شُو تَبِين اليُوم؟ | G6: Hi! What would you like today?
A7: sc.canteen.emirati.t2 | B7: الإماراتية Emirati | C7: مَقْصِفُ المَدْرَسَةِ School canteen | D7: صقّور 2 Saqqour turn | E7: ولد boy | F7: زِين. وَشُو تَبَا تِشْرَب؟ | G7: OK. And what would you like to drink?
A8: sc.canteen.emirati.t2 | B8: الإماراتية Emirati | C8: مَقْصِفُ المَدْرَسَةِ School canteen | D8: صقّور 2 Saqqour turn | E8: بنت girl | F8: زِين. وَشُو تَبِين تِشْرَبِين؟ | G8: OK. And what would you like to drink?
A9: sc.canteen.emirati.t3 | B9: الإماراتية Emirati | C9: مَقْصِفُ المَدْرَسَةِ School canteen | D9: صقّور 3 Saqqour turn | E9: للجميع both | F9: العَصِير بِدِرْهَمَيْن. | G9: The juice is two (coins).
A10: sc.canteen.emirati.t4 | B10: الإماراتية Emirati | C10: مَقْصِفُ المَدْرَسَةِ School canteen | D10: صقّور 4 Saqqour turn | E10: ولد boy | F10: بِالعَافْيَة! كَفُو عَلَيْك! | G10: Enjoy! Well done!
A11: sc.canteen.emirati.t4 | B11: الإماراتية Emirati | C11: مَقْصِفُ المَدْرَسَةِ School canteen | D11: صقّور 4 Saqqour turn | E11: بنت girl | F11: بِالعَافْيَة! كَفُو عَلَيْچ! | G11: Enjoy! Well done!
A12: sc.canteen.saudi.k1 | B12: السعودية Saudi | C12: مَقْصِفُ المَدْرَسَةِ School canteen | D12: جملة الطفل 1 child's key line | E12: للجميع both | F12: لَوْ سَمَحْت، أَبْغَى سَنْدْوِيتْش جِبْن. | G12: Excuse me, I want a cheese sandwich.
A13: sc.canteen.saudi.k2 | B13: السعودية Saudi | C13: مَقْصِفُ المَدْرَسَةِ School canteen | D13: جملة الطفل 2 child's key line | E13: للجميع both | F13: بِكَم العَصِير؟ | G13: How much is the juice?
... A431: sc.playground.title | B431: الفصحى Fusha | C431: فِي المَلْعَبِ At the playground | D431: عنوان المشهد title | E431: للجميع both | F431: فِي المَلْعَبِ | G431: At the playground

Sheet النطق
A1: الرقم ID | B1: اللهجة Dialect | C1: متى تُقال When it is said | D1: ولد / بنت Boy / girl | E1: الجملة The line | F1: المعنى English meaning | G1: الحالة Status | H1: الجملة المصحّحة Corrected line | I1: ملاحظات المعلّم Teacher notes
A2: pron.fb.emirati.0 | B2: الإماراتية Emirati | C2: بعد النطق: ٣ نجوم feedback: 3 stars | D2: ولد boy | E2: كَفُو عَلَيْك! نُطْق وَايِد حِلُو. | F2: Brilliant! Lovely pronunciation.
A3: pron.fb.emirati.0 | B3: الإماراتية Emirati | C3: بعد النطق: ٣ نجوم feedback: 3 stars | D3: بنت girl | E3: كَفُو عَلَيْچ! نُطْق وَايِد حِلُو. | F3: Brilliant! Lovely pronunciation.
A4: pron.fb.emirati.1 | B4: الإماراتية Emirati | C4: بعد النطق: نجمتان feedback: 2 stars | D4: ولد boy | E4: زِين وَايِد! حَاوِل مَرَّة ثَانْيَة وْبِتْصِير أَحْلَى. | F4: Very good! Try once more to make it even better.
A5: pron.fb.emirati.1 | B5: الإماراتية Emirati | C5: بعد النطق: نجمتان feedback: 2 stars | D5: بنت girl | E5: زِين وَايِد! حَاوْلِي مَرَّة ثَانْيَة وْبِتْصِير أَحْلَى. | F5: Very good! Try once more to make it even better.
A6: pron.fb.emirati.2 | B6: الإماراتية Emirati | C6: بعد النطق: نجمة واحدة feedback: 1 star | D6: ولد boy | E6: حِلُو إِنَّك حَاوَلْت! اِسْمَع النَّصِيحَة وْعِيد. | F6: Great that you tried! Listen to the tip and try again.
A7: pron.fb.emirati.2 | B7: الإماراتية Emirati | C7: بعد النطق: نجمة واحدة feedback: 1 star | D7: بنت girl | E7: حِلُو إِنَّك حَاوَلْتِي! اِسْمَعِي النَّصِيحَة وْعِيدِي. | F7: Great that you tried! Listen to the tip and try again.
A8: pron.fb.emirati.3 | B8: الإماراتية Emirati | C8: بعد النطق: لم يُسمع الصوت feedback: not heard | D8: ولد boy | E8: مَا سِمَعْتَك زِين، قُولْهَا مَرَّة ثَانْيَة. | F8: I couldn't hear you well, say it again.
A9: pron.fb.emirati.3 | B9: الإماراتية Emirati | C9: بعد النطق: لم يُسمع الصوت feedback: not heard | D9: بنت girl | E9: مَا سِمَعْتِچ زِين، قُولِيهَا مَرَّة ثَانْيَة. | F9: I couldn't hear you well, say it again.
A10: pron.fb.saudi.0 | B10: السعودية Saudi | C10: بعد النطق: ٣ نجوم feedback: 3 stars | D10: ولد boy | E10: كَفُو عَلَيْك! نُطْق مُرَّة حِلْو. | F10: Brilliant! Lovely pronunciation.
A11: pron.fb.saudi.0 | B11: السعودية Saudi | C11: بعد النطق: ٣ نجوم feedback: 3 stars | D11: بنت girl | E11: كَفُو عَلَيْكِ! نُطْق مُرَّة حِلْو. | F11: Brilliant! Lovely pronunciation.
A12: pron.fb.saudi.1 | B12: السعودية Saudi | C12: بعد النطق: نجمتان feedback: 2 stars | D12: ولد boy | E12: زِين! حَاوِل مَرَّة ثَانْيَة وْبَيْصِير أَحْلَى. | F12: Very good! Try once more to make it even better.
A13: pron.fb.saudi.1 | B13: السعودية Saudi | C13: بعد النطق: نجمتان feedback: 2 stars | D13: بنت girl | E13: زِين! حَاوْلِي مَرَّة ثَانْيَة وْبَيْصِير أَحْلَى. | F13: Very good! Try once more to make it even better.
... A107: pron.ui | B107: الفصحى Fusha / الواجهة | C107: شاشة النطق pronunciation screen | D107: بنت girl | E107: أَسْمَعُكِ… | F107: Listening…
A108: pron.ui | B108: الفصحى Fusha / الواجهة | C108: شاشة النطق pronunciation screen | D108: ولد boy | E108: قُلْهَا
A109: pron.ui | B109: الفصحى Fusha / الواجهة | C109: شاشة النطق pronunciation screen | D109: بنت girl | E109: قُولِيهَا
A110: pron.ui | B110: الفصحى Fusha / الواجهة | C110: شاشة النطق pronunciation screen | D110: للجميع both | E110: حُرُوفٌ صَعْبَةٌ | F110: Tricky letters
A111: pron.ui | B111: الفصحى Fusha / الواجهة | C111: شاشة النطق pronunciation screen | D111: للجميع both | E111: نَقُولُ هَذِهِ الكَلِمَاتِ بِالفُصْحَى، وَ
A112: pron.ui | B112: الفصحى Fusha / الواجهة | C112: شاشة النطق pronunciation screen | D112: للجميع both | E112: التَّقْيِيمُ غَيْرُ مُتَاحٍ الآنَ. | F112: Stars aren't available right now.
A113: pron.ui | B113: الفصحى Fusha / الواجهة | C113: شاشة النطق pronunciation screen | D113: للجميع both | E113: مِنْ مَامَا أَوْ بَابَا تَشْغِيلَ الأَصْوَاتِ السَّحَابِيَّةِ لِلنُّجُومِ. | F113: Ask Mum or Dad to switch on cloud voices to get stars.
A114: pron.ui | B114: الفصحى Fusha / الواجهة | C114: شاشة النطق pronunciation screen | D114: للجميع both | E114: مَرَّةً أُخْرَى
A115: pron.ui | B115: الفصحى Fusha / الواجهة | C115: شاشة النطق pronunciation screen | D115: للجميع both | E115: الحَرْفُ التَّالِي | F115: Next letter

Sheet القراءة لصقور
A1: الرقم ID | B1: أين تظهر Where it appears | C1: ولد / بنت Boy / girl | D1: الجملة The line | E1: المعنى English meaning | F1: الحالة Status | G1: الجملة المصحّحة Corrected line | H1: ملاحظات المعلّم Teacher notes
A2: ra.1 | B2: اقرأ لصقّور (القصص) Read it to Saqqour | C2: ولد boy | D2: اِضْغَطِ الكَلِمَاتِ المُضِيئَةَ وَاسْمَعْهَا، ثُمَّ جَرِّبْ مَرَّةً أُخْرَى. | E2: Tap the glowing words to hear them, then try again.
A3: ra.2 | B3: اقرأ لصقّور (القصص) Read it to Saqqour | C3: بنت girl | D3: اِضْغَطِي الكَلِمَاتِ المُضِيئَةَ وَاسْمَعِيهَا، ثُمَّ جَرِّبِي مَرَّةً أُخْرَى. | E3: Tap the glowing words to hear them, then try again.
A4: ra.3 | B4: اقرأ لصقّور (القصص) Read it to Saqqour | C4: ولد boy | D4: مَا قِدِرْت أَسْمَعْ الحِين. جَرِّبْ بَعْدَ شْوَي. | E4: I couldn't listen just now. Try again in a little while.
A5: ra.4 | B5: اقرأ لصقّور (القصص) Read it to Saqqour | C5: بنت girl | D5: مَا قِدِرْت أَسْمَعْ الحِين. جَرِّبِي بَعْدَ شْوَي. | E5: I couldn't listen just now. Try again in a little while.
A6: ra.5 | B6: اقرأ لصقّور (القصص) Read it to Saqqour | C6: للجميع both | D6: خَلَصْت | E6: I'm done
A7: ra.6 | B7: اقرأ لصقّور (القصص) Read it to Saqqour | C7: ولد boy | D7: اِقْرَأْ
A8: ra.7 | B8: اقرأ لصقّور (القصص) Read it to Saqqour | C8: بنت girl | D8: اِقْرَئِي
A9: ra.8 | B9: اقرأ لصقّور (القصص) Read it to Saqqour | C9: للجميع both | D9: اُطْلُبْ مِنْ مَامَا أَوْ بَابَا تَشْغِيلَ الأَصْوَاتِ السَّحَابِيَّةِ. | E9: Ask Mum or Dad to switch on cloud voices.
A10: ra.9 | B10: اقرأ لصقّور (القصص) Read it to Saqqour | C10: للجميع both | D10: اِسْتَرِحْ قَلِيلاً، ثُمَّ نُكْمِلُ لَاحِقاً. | E10: Let's take a short break and carry on later.
A11: ra.10 | B11: اقرأ لصقّور (القصص) Read it to Saqqour | C11: للجميع both | D11: مَرَّةً أُخْرَى
A12: ra.11 | B12: اقرأ لصقّور (القصص) Read it to Saqqour | C12: للجميع both | D12: الجُمْلَةُ التَّالِيَةُ | E12: Next sentence
A13: ra.12 | B13: اقرأ لصقّور (القصص) Read it to Saqqour | C13: للجميع both | D13: خَلَّصْنَا القِصَّة | E13: Story done
A14: ra.13 | B14: اقرأ لصقّور (القصص) Read it to Saqqour | C14: للجميع both | D14: اِسْمَعِ الجُمْلَةَ | E14: Hear the sentence
A15: ra.14 | B15: اقرأ لصقّور (القصص) Read it to Saqqour | C15: للجميع both | D15: رُجُوعٌ إِلَى القِصَّةِ | E15: Back to the story
A16: ra.15 | B16: اقرأ لصقّور (القصص) Read it to Saqqour | C16: للجميع both | D16: مَعَ صَقُّور

Sheet المراجعة
A1: الرقم ID | B1: اللهجة Dialect | C1: أين تظهر Where it appears | D1: ولد / بنت Boy / girl | E1: الجملة The line | F1: المعنى English meaning | G1: الحالة Status | H1: الجملة المصحّحة Corrected line | I1: ملاحظات المعلّم Teacher notes
A2: rev.hi.emirati | B2: الإماراتية Emirati | C2: بداية مراجعة الكلمات start of word review | D2: للجميع both | E2: يَلَّا نْرَاجِع كَم كَلِمَة سَوَا! | F2: Let's review a few words together!
A3: rev.hi.saudi | B3: السعودية Saudi | C3: بداية مراجعة الكلمات start of word review | D3: للجميع both | E3: يَلَّا نْرَاجِع كَم كَلِمَة سَوَا! | F3: Let's review a few words together!
A4: rev.hi.lebanese | B4: اللبنانية Lebanese | C4: بداية مراجعة الكلمات start of word review | D4: للجميع both | E4: يَلَّا نْرَاجِع شْوَيِّة كِلْمَات سَوَا! | F4: Let's review a few words together!
A5: rev.hi.syrian | B5: السورية Syrian | C5: بداية مراجعة الكلمات start of word review | D5: للجميع both | E5: يَلَّا نْرَاجِع شْوَيِّة كِلْمَات سَوَا! | F5: Let's review a few words together!
A6: rev.hi.jordanian | B6: الأردنية Jordanian | C6: بداية مراجعة الكلمات start of word review | D6: للجميع both | E6: يَلَّا نْرَاجِع كَم كِلْمِة مَع بَعَض! | F6: Let's review a few words together!
A7: rev.hi.egyptian | B7: المصرية Egyptian | C7: بداية مراجعة الكلمات start of word review | D7: للجميع both | E7: يَلَّا نْرَاجِع شْوَيَّة كِلْمَات سَوَا! | F7: Let's review a few words together!
A8: rev.hi.fusha | B8: الفصحى Fusha | C8: بداية مراجعة الكلمات start of word review | D8: للجميع both | E8: هَيَّا نُرَاجِعُ بَعْضَ الكَلِمَاتِ مَعًا! | F8: Let's review a few words together!
A9: rev.ui1 | B9: الفصحى Fusha / الواجهة | C9: مراجعة الكلمات word review | D9: ولد boy | E9: اِسْمَعْ ثُمَّ اخْتَرِ الصُّورَةَ | F9: Listen, then tap the picture
A10: rev.ui2 | B10: الفصحى Fusha / الواجهة | C10: مراجعة الكلمات word review | D10: بنت girl | E10: اِسْمَعِي ثُمَّ اخْتَارِي الصُّورَةَ | F10: Listen, then tap the picture
A11: rev.ui3 | B11: الفصحى Fusha / الواجهة | C11: مراجعة الكلمات word review | D11: للجميع both | E11: كَلِمَاتٌ نَرْجِعُ لَهَا | F11: Words to revisit
A12: v21.ui1 | B12: الفصحى Fusha / الواجهة | C12: مزيج صقّور ومراجعة المهارات mix + skill review | D12: للجميع both | E12: مَكَانُ النِّهَايَةِ
A13: v21.ui2 | B13: الفصحى Fusha / الواجهة | C13: مزيج صقّور ومراجعة المهارات mix + skill review | D13: ولد boy | E13: مَهَارَةٌ أَتْقَنْتَهَا تَعُودُ لِلْمُرَاجَعَةِ
A14: v21.ui3 | B14: الفصحى Fusha / الواجهة | C14: مزيج صقّور ومراجعة المهارات mix + skill review | D14: بنت girl | E14: مَهَارَةٌ أَتْقَنْتِهَا تَعُودُ لِلْمُرَاجَعَةِ
A15: v21.ui4 | B15: الفصحى Fusha / الواجهة | C15: مزيج صقّور ومراجعة المهارات mix + skill review | D15: ولد boy | E15: اِرْتَقَيْتَ
A16: v21.ui5 | B16: الفصحى Fusha / الواجهة | C16: مزيج صقّور ومراجعة المهارات mix + skill review | D16: بنت girl | E16: اِرْتَقَيْتِ
A17: v21.ui6 | B17: الفصحى Fusha / الواجهة | C17: مزيج صقّور ومراجعة المهارات mix + skill review | D17: للجميع both | E17: إِلَى المُسْتَوَى
A18: v21.ui7 | B18: الفصحى Fusha / الواجهة | C18: مزيج صقّور ومراجعة المهارات mix + skill review | D18: ولد boy | E18: تَحَقَّقْ
A19: v21.ui8 | B19: الفصحى Fusha / الواجهة | C19: مزيج صقّور ومراجعة المهارات mix + skill review | D19: بنت girl | E19: تَحَقَّقِي
A20: v21.ui9 | B20: الفصحى Fusha / الواجهة | C20: مزيج صقّور ومراجعة المهارات mix + skill review | D20: ولد boy | E20: اِلْعَبْ مَرَّةً أُخْرَى
A21: v21.ui10 | B21: الفصحى Fusha / الواجهة | C21: مزيج صقّور ومراجعة المهارات mix + skill review | D21: بنت girl | E21: اِلْعَبِي مَرَّةً أُخْرَى
A22: v21.ui11 | B22: الفصحى Fusha / الواجهة | C22: مزيج صقّور ومراجعة المهارات mix + skill review | D22: للجميع both | E22: يَلَّا نِلْعَب!
A23: v21.ui12 | B23: الفصحى Fusha / الواجهة | C23: مزيج صقّور ومراجعة المهارات mix + skill review | D23: للجميع both | E23: دَرْسٌ قَصِيرٌ فِي كُلِّ جَزِيرَةٍ، ثُمَّ أَلْعَابٌ. | F23: One short lesson per island, then games.
A24: v21.ui13 | B24: الفصحى Fusha / الواجهة | C24: مزيج صقّور ومراجعة المهارات mix + skill review | D24: للجميع both | E24: ٩ أَسْئِلَةٍ مِنْ ٣ مَهَارَاتٍ
A25: v21.ui14 | B25: الفصحى Fusha / الواجهة | C25: مزيج صقّور ومراجعة المهارات mix + skill review | D25: للجميع both | E25: تَتَبُّعُ الحُرُوفِ وَبِنَاءُ الكَلِمَاتِ وَالقَوَاعِدُ

Sheet الدروس والجزر
A1: الجزيرة Island | B1: درس القواعد Grammar topic | C1: عدد الأسئلة م١/م٢/م٣ Items L1/L2/L3 | D1: للكبار Older kids | E1: الصف المقترح (KHDA/MOE) Proposed grade band | F1: الحالة Status | G1: الصف الصحيح / الجزيرة الصحيحة Corrected band / island | H1: ملاحظات المعلّم Teacher notes
A2: جزيرة 1: التَّحِيَّاتُ وَالشُّكْرُ Hello & thank you | B2: الضَّمَائِرُ Pronouns | C2: 3 / 3 / 2 | E2: KG2–G1 (اقتراح)
A3: جزيرة 2: الأَعْدَادُ Numbers 1–10 | B3: المُفْرَدُ وَالمُثَنَّى وَالجَمْعُ One, two, many | C3: 2 / 3 / 2 | E3: G2–G3 (اقتراح)
A4: جزيرة 3: الأَلْوَانُ وَالأَشْكَالُ Colours & shapes | B4: الصِّفَةُ وَالمَوْصُوفُ Describing words agree | C4: 2 / 2 / 2 | E4: G2 (اقتراح)
A5: جزيرة 4: الحَيَوَانَاتُ وَجِسْمِي Animals & my body | B5: المُذَكَّرُ وَالمُؤَنَّثُ Boy words and girl words | C5: 2 / 2 / 2 | E5: G1 (اقتراح)
A6: جزيرة 5: عَائِلَتِي My family | B6: اسْمُ الإِشَارَةِ This (boy/girl) | C6: 2 / 2 / 2 | E6: G1–G2 (اقتراح)
A7: جزيرة 6: الأَيَّامُ وَالطَّقْسُ Days & weather | B7: ال وَالحُرُوفُ الشَّمْسِيَّةُ وَالقَمَرِيَّةُ ال with sun and moon letters | C7: 2 / 2 / 2 | E7: G1 (اقتراح)
A8: جزيرة 7: الطَّعَامُ Food | B8: أَدَوَاتُ الاسْتِفْهَامِ Question words | C8: 2 / 2 / 2 | E8: G1–G2 (اقتراح)
A9: جزيرة 8: المَدْرَسَةُ وَالمُوَاصَلَاتُ School & transport | B9: حُرُوفُ الجَرِّ Little place words | C9: 2 / 2 / 2 | E9: G1–G2 (اقتراح)
A10: جزيرة 9: يَوْمِي وَالسَّاعَةُ Daily routine & time | B10: الفِعْلُ المُضَارِعُ Verbs now (present) | C10: 2 / 2 / 2 | E10: G2 (اقتراح)
A11: جزيرة 10: الهِوَايَاتُ وَالرِّيَاضَةُ Hobbies & sport | B11: الجُمْلَةُ الاسْمِيَّةُ وَالفِعْلِيَّةُ Two kinds of sentence | C11: 1 / 2 / 2 | E11: G3 (اقتراح)
A12: جزيرة 11: الطَّعَامُ الصِّحِّيُّ وَالمَقْهَى Healthy food & café | B12: النَّفْيُ Saying no | C12: 2 / 2 / 2 | E12: G3 (اقتراح)
A13: جزيرة 12: ثَقَافَةُ الإِمَارَاتِ UAE culture & National Day | B13: الضَّمَائِرُ المُتَّصِلَةُ My, your, his, her | C13: 2 / 2 / 2 | E13: G2 (اقتراح)
A14: جزيرة 13: أُعَرِّفُ بِنَفْسِي Introducing myself | B14: المُبْتَدَأُ وَالخَبَرُ Subject and news (إعراب) | C14: 2 / 2 / 2 | D14: نعم yes | E14: G4–G5 (اقتراح)
A15: جزيرة 14: المَشَاعِرُ وَالصِّحَّةُ Feelings & health | B15: الفَاعِلُ وَالمَفْعُولُ بِهِ Who did it, and to what (إعراب) | C15: 2 / 2 / 2 | D15: نعم yes | E15: G4–G5 (اقتراح)
A16: جزيرة 15: السَّفَرُ وَالعُطْلَةُ Travel & holidays (past tense) | B16: الفِعْلُ المَاضِي Verbs that already happened | C16: 2 / 2 / 2 | E16: G2 (اقتراح)
A17: جزيرة 16: البِيئَةُ وَخُطَطِي Environment & plans (future) | B17: المُسْتَقْبَلُ: سَـ وَسَوْفَ Verbs for tomorrow | C17: 2 / 2 / 2 | E17: G3 (اقتراح)

Sheet الوحدة المدرسية
A1: الرقم ID | B1: أين تظهر Where | C1: اللهجة Dialect | D1: ولد / بنت Boy / girl | E1: الجملة The line | F1: المعنى Meaning (EN) | G1: الحالة Status | H1: الجملة المصحّحة Corrected line | I1: ملاحظات المعلّم Teacher notes
A2: w0 | B2: كلمات الوحدة · Unit words | C2: الفصحى Fusha | D2: للجميع both | E2: رِسَالَةٌ | F2: a letter
A3: w1 | B3: كلمات الوحدة · Unit words | C3: الفصحى Fusha | D3: للجميع both | E3: شُكْرٌ | F3: thanks
A4: w2 | B4: كلمات الوحدة · Unit words | C4: الفصحى Fusha | D4: للجميع both | E4: المُرْسِلُ | F4: the sender
A5: w3 | B5: كلمات الوحدة · Unit words | C5: الفصحى Fusha | D5: للجميع both | E5: المُرْسَلُ إِلَيْهِ | F5: the person it is sent to
A6: w4 | B6: كلمات الوحدة · Unit words | C6: الفصحى Fusha | D6: للجميع both | E6: التَّارِيخُ | F6: the date
A7: w5 | B7: كلمات الوحدة · Unit words | C7: الفصحى Fusha | D7: للجميع both | E7: طَعَامٌ | F7: food
A8: w6 | B8: كلمات الوحدة · Unit words | C8: الفصحى Fusha | D8: للجميع both | E8: مَلَابِسُ | F8: clothes
A9: w7 | B9: كلمات الوحدة · Unit words | C9: الفصحى Fusha | D9: للجميع both | E9: تَعْلِيمٌ | F9: education
A10: w8 | B10: كلمات الوحدة · Unit words | C10: الفصحى Fusha | D10: للجميع both | E10: صِحَّةٌ | F10: health
A11: w9 | B11: كلمات الوحدة · Unit words | C11: الفصحى Fusha | D11: للجميع both | E11: نَجَاحٌ | F11: success
A12: w10 | B12: كلمات الوحدة · Unit words | C12: الفصحى Fusha | D12: للجميع both | E12: دِرَاسَةٌ | F12: studying
A13: w11 | B13: كلمات الوحدة · Unit words | C13: الفصحى Fusha | D13: للجميع both | E13: القَمَرُ | F13: the moon
... A21: w19 | B21: كلمات الوحدة · Unit words | C21: الفصحى Fusha | D21: للجميع both | E21: يُسَاعِدُ | F21: he helps
A22: past.0 | B22: جزيرة الفعل الماضي · u15 past · end · L1 | C22: الفصحى Fusha | D22: للجميع both | E22: 👦 أَنْتَ ___ عَالِيًا. | قَفَزْتَ | قَفَزْتُ | قَفَزْتُمْ
A23: past.1 | B23: جزيرة الفعل الماضي · u15 past · sort · L1 | C23: الفصحى Fusha | D23: للجميع both | E23: شَرِبْتَ ← أَنْتَ 👦 | شَرِبْتِ ← أَنْتِ 👧 | وَصَلْتَ ← أَنْتَ 👦 | وَصَلْتِ ← أَنْتِ 👧
A24: past.2 | B24: جزيرة الفعل الماضي · u15 past · end · L2 | C24: الفصحى Fusha | D24: للجميع both | E24: 👧 أَنْتِ ___ الكَنْزَ. | وَجَدْتِ | وَجَدْتَ | وَجَدْنَا
A25: past.3 | B25: جزيرة الفعل الماضي · u15 past · pick · L2 | C25: الفصحى Fusha | D25: للجميع both | E25: 👨‍👩‍👧 أَنْتُمْ ___ كَثِيرًا. | ✔ عَمِلْتُمْ | عَمِلْتَ | عَمِلْتِ
A26: past.4 | B26: جزيرة الفعل الماضي · u15 past · fix · L3 | C26: الفصحى Fusha | D26: للجميع both | E26: ✔ ذَهَبْتِ | ذَهَبْتُمْ | ذَهَبْنَا | أَنْتِ | ذَهَبْتَ | إِلَى | المَدْرَسَةِ.
A27: past.5 | B27: جزيرة الفعل الماضي · u15 past · build · L3 | C27: الفصحى Fusha | D27: للجميع both | E27: أَنْتُمْ | أَكَلْتُمْ | ثُمَّ | ذَهَبْتُمْ | بِسُرْعَةٍ
A28: pres.0 | B28: جزيرة الفعل المضارع · u9 present · pick · L1 | C28: الفصحى Fusha | D28: للجميع both | E28: 👦 أَنْتَ ___ الكُرَةَ. | ✔ تَلْعَبُ | تَلْعَبِينَ
A29: pres.1 | B29: جزيرة الفعل المضارع · u9 present · end · L1 | C29: الفصحى Fusha | D29: للجميع both | E29: 👧 أَنْتِ ___ فِي البَحْرِ. | تَسْبَحِينَ | تَسْبَحُونَ | تَسْبَحُ
A30: pres.2 | B30: جزيرة الفعل المضارع · u9 present · end · L2 | C30: الفصحى Fusha | D30: للجميع both | E30: 👨‍👩‍👧 أَنْتُمْ ___ الدَّرْسَ. | تَدْرُسُونَ | تَدْرُسِينَ | تَدْرُسُ
A31: pres.3 | B31: جزيرة الفعل المضارع · u9 present · sort · L2 | C31: الفصحى Fusha | D31: للجميع both | E31: تَأْكُلِينَ ← أَنْتِ 👧 | تَأْكُلُونَ ← أَنْتُمْ 👨‍👩‍👧 | تَلْعَبِينَ ← أَنْتِ 👧 | تَلْعَبُونَ ← أَنْتُمْ 👨‍👩‍👧
A32: pres.4 | B32: جزيرة الفعل المضارع · u9 present · fix · L3 | C32: الفصحى Fusha | D32: للجميع both | E32: ✔ تَعْمَلُونَ | تَعْمَلُ | نَعْمَلُ | أَنْتُمْ | تَعْمَلِينَ | ثُمَّ | تَسْتَرِيحُونَ | قَلِيلًا.
A33: pres.5 | B33: جزيرة الفعل المضارع · u9 present · build · L3 | C33: الفصحى Fusha | D33: للجميع both | E33: أَنْتِ | تَعْمَلِينَ | ثُمَّ | تَسْتَرِيحِينَ | قَلِيلًا
... A50: eg.pron.0 | B50: مثال على البطاقة · example | C50: الفصحى Fusha | D50: للجميع both | E50: أَنْتُمْ
A51: story.title | B51: قصة الرسالة · letter story | C51: الفصحى Fusha | D51: للجميع both | E51: شُكْرًا يَا أَبِي | F51: Thank you, Dad (a letter)
A52: story.0 | B52: قصة الرسالة · letter story | C52: الفصحى Fusha | D52: للجميع both | E52: أَبِي الحَبِيبُ، أَتَمَنَّى أَنْ تَكُونَ بِخَيْرٍ وَبِصِحَّةٍ جَيِّدَةٍ. | F52: Dear Dad, I hope you are well and in good health.
A53: story.1 | B53: قصة الرسالة · letter story | C53: الفصحى Fusha | D53: للجميع both | E53: أَكْتُبُ لَكَ هَذِهِ الرِّسَالَةَ لِأَقُولَ لَكَ: شُكْرًا عَلَى كُلِّ مَا تَفْعَلُهُ مِنْ أَجْلِنَا. | F53: I am writing to say thank you for everything you do for us.
A54: story.2 | B54: قصة الرسالة · letter story | C54: الفصحى Fusha | D54: للجميع both | E54: أَنْتَ تَعْمَلُ كَثِيرًا لِتُعْطِيَنَا الطَّعَامَ وَالمَلَابِسَ وَالتَّعْلِيمَ. | F54: You work hard to give us food, clothes and education.
A55: story.3 | B55: قصة الرسالة · letter story | C55: الفصحى Fusha | D55: للجميع both | E55: وَتُسَاعِدُنِي دَائِمًا، وَتُشَجِّعُنِي عَلَى الدِّرَاسَةِ وَالنَّجَاحِ. | F55: You always help me and encourage me to study and succeed.
A56: story.4 | B56: قصة الرسالة · letter story | C56: الفصحى Fusha | D56: للجميع both | E56: أَنْتَ كَالقَمَرِ الَّذِي يُضِيءُ لِي الطَّرِيقَ. | F56: You are like the moon that lights the way for me.
A57: story.5 | B57: قصة الرسالة · letter story | C57: الفصحى Fusha | D57: للجميع both | E57: شُكْرًا لَكَ يَا أَبِي، أَدْعُو اللهَ أَنْ يَحْفَظَكَ دَائِمًا. | F57: Thank you, Dad. I pray that God always keeps you safe.
A58: frame.head.f | B58: كتابة الرسالة · إلى الأم · to mum | C58: الفصحى Fusha | D58: للجميع both | E58: أُمِّي الحَبِيبَةُ
A59: frame.open.f | B59: كتابة الرسالة · الافتتاحية · إلى الأم · to mum | C59: الفصحى Fusha | D59: للجميع both | E59: أَتَمَنَّى أَنْ تَكُونِي بِخَيْرٍ
A60: frame.why.f0 | B60: كتابة الرسالة · السبب · إلى الأم · to mum | C60: الفصحى Fusha | D60: للجميع both | E60: شُكْرًا لَكِ عَلَى كُلِّ مَا تَفْعَلِينَهُ مِنْ أَجْلِنَا.
A61: frame.why.f1 | B61: كتابة الرسالة · السبب · إلى الأم · to mum | C61: الفصحى Fusha | D61: للجميع both | E61: شُكْرًا لَكِ لِأَنَّكِ تُسَاعِدِينَنِي دَائِمًا.
A62: frame.why.f2 | B62: كتابة الرسالة · السبب · إلى الأم · to mum | C62: الفصحى Fusha | D62: للجميع both | E62: شُكْرًا لَكِ لِأَنَّكِ تُشَجِّعِينَنِي عَلَى الدِّرَاسَةِ.
A63: frame.sim.f0 | B63: كتابة الرسالة · التشبيه · إلى الأم · to mum | C63: الفصحى Fusha | D63: للجميع both | E63: أَنْتِ كَالوَرْدِ فِي جَمَالِكِ
A64: frame.sim.f1 | B64: كتابة الرسالة · التشبيه · إلى الأم · to mum | C64: الفصحى Fusha | D64: للجميع both | E64: أَنْتِ كَالقَمَرِ الَّذِي يُضِيءُ طَرِيقِي
A65: frame.sim.f2 | B65: كتابة الرسالة · التشبيه · إلى الأم · to mum | C65: الفصحى Fusha | D65: للجميع both | E65: أَنْتِ كَالجَبَلِ فِي قُوَّتِكِ
A66: frame.close.f | B66: كتابة الرسالة · الختامية · إلى الأم · to mum | C66: الفصحى Fusha | D66: للجميع both | E66: أَدْعُو اللهَ أَنْ يَحْفَظَكِ دَائِمًا
A67: frame.sign.f | B67: كتابة الرسالة · التوقيع · إلى الأم · to mum | C67: الفصحى Fusha | D67: ولد boy | E67: ابْنُكِ
A68: frame.sign.f | B68: كتابة الرسالة · التوقيع · إلى الأم · to mum | C68: الفصحى Fusha | D68: بنت girl | E68: ابْنَتُكِ
A69: frame.head.m | B69: كتابة الرسالة · إلى الأب · to dad | C69: الفصحى Fusha | D69: للجميع both | E69: أَبِي الحَبِيبُ
... A79: frame.sign.m | B79: كتابة الرسالة · التوقيع · إلى الأب · to dad | C79: الفصحى Fusha | D79: بنت girl | E79: ابْنَتُكَ
A80: scene.emirati.k0 | B80: مشهد: شكرًا يا أمي · الطفل child | C80: الإماراتية Emirati | D80: للجميع both | E80: مَشْكُورَة يَا مَامَا، الغَدَا وَايِد زِين! | F80: Thank you, Mum, lunch is really tasty!
A81: scene.emirati.k1 | B81: مشهد: شكرًا يا أمي · الطفل child | C81: الإماراتية Emirati | D81: للجميع both | E81: كِتَبْت رِسَالَة شُكُر فِي المَدْرَسَة. | F81: I wrote a thank-you letter at school.
A82: scene.emirati.k2 | B82: مشهد: شكرًا يا أمي · الطفل child | C82: الإماراتية Emirati | D82: للجميع both | E82: الرِّسَالَة لِج يَا مَامَا! | F82: The letter is for you, Mum!
A83: scene.emirati.t0 | B83: مشهد: شكرًا يا أمي · صقور (الأم) Saqqour as mum | C83: الإماراتية Emirati | D83: ولد boy | E83: هَلَا حَبِيبِي! الغَدَا حَاضِر. | F83: Hi, my darling! Lunch is ready.
A84: scene.emirati.t0 | B84: مشهد: شكرًا يا أمي · صقور (الأم) Saqqour as mum | C84: الإماراتية Emirati | D84: بنت girl | E84: هَلَا حَبِيبْتِي! الغَدَا حَاضِر. | F84: Hi, my darling! Lunch is ready.
A85: scene.emirati.t1 | B85: مشهد: شكرًا يا أمي · صقور (الأم) Saqqour as mum | C85: الإماراتية Emirati | D85: ولد boy | E85: العَفُو! شُو سَوَّيْت اليُوم؟ | F85: You're welcome! What did you do today?
A86: scene.emirati.t1 | B86: مشهد: شكرًا يا أمي · صقور (الأم) Saqqour as mum | C86: الإماراتية Emirati | D86: بنت girl | E86: العَفُو! شُو سَوَّيْتِي اليُوم؟ | F86: You're welcome! What did you do today?
A87: scene.emirati.t2 | B87: مشهد: شكرًا يا أمي · صقور (الأم) Saqqour as mum | C87: الإماراتية Emirati | D87: للجميع both | E87: حِلُو وَايِد! حَق مِنُو الرِّسَالَة؟ | F87: Lovely! Who is the letter for?
A88: scene.emirati.t3 | B88: مشهد: شكرًا يا أمي · صقور (الأم) Saqqour as mum | C88: الإماراتية Emirati | D88: ولد boy | E88: اللهْ يِخَلِّيك! أَحِبَّك وَايِد. | F88: Thank you, my darling! I love you so much.
A89: scene.emirati.t3 | B89: مشهد: شكرًا يا أمي · صقور (الأم) Saqqour as mum | C89: الإماراتية Emirati | D89: بنت girl | E89: اللهْ يِخَلِّيج! أَحِبِّج وَايِد. | F89: Thank you, my darling! I love you so much.
A90: scene.saudi.k0 | B90: مشهد: شكرًا يا أمي · الطفل child | C90: السعودية Saudi | D90: للجميع both | E90: شُكْرًا يَا مَامَا، الغَدَا مَرَّة لَذِيذ! | F90: Thank you, Mum, lunch is really tasty!
A91: scene.saudi.k1 | B91: مشهد: شكرًا يا أمي · الطفل child | C91: السعودية Saudi | D91: للجميع both | E91: كَتَبْت رِسَالَة شُكْر فِي المَدْرَسَة. | F91: I wrote a thank-you letter at school.
... A149: scene.fusha.t3 | B149: مشهد: شكرًا يا أمي · صقور (الأم) Saqqour as mum | C149: الفصحى Fusha | D149: بنت girl | E149: شُكْرًا لَكِ يَا حَبِيبَتِي! أُحِبُّكِ كَثِيرًا. | F149: Thank you, my darling! I love you so much.
A150: ui.title | B150: واجهة الوحدة · pack UI | C150: الفصحى Fusha | D150: للجميع both | E150: الوَحْدَةُ المَدْرَسِيَّةُ
A151: ui.sub | B151: واجهة الوحدة · pack UI | C151: الفصحى Fusha | D151: للجميع both | E151: رِسَالَةُ شُكْرٍ وَالأَفْعَالُ مَعَ الضَّمَائِرِ
A152: ui.words | B152: واجهة الوحدة · pack UI | C152: الفصحى Fusha | D152: للجميع both | E152: كَلِمَاتُ الوَحْدَةِ
A153: ui.gram | B153: واجهة الوحدة · pack UI | C153: الفصحى Fusha | D153: للجميع both | E153: الأَفْعَالُ مَعَ الضَّمَائِرِ
A154: ui.story | B154: واجهة الوحدة · pack UI | C154: الفصحى Fusha | D154: للجميع both | E154: اِقْرَأِ الرِّسَالَةَ
A155: ui.write | B155: واجهة الوحدة · pack UI | C155: الفصحى Fusha | D155: للجميع both | E155: أَكْتُبُ رِسَالَةَ شُكْرٍ
A156: ui.scene | B156: واجهة الوحدة · pack UI | C156: الفصحى Fusha | D156: للجميع both | E156: مَشْهَدٌ: شُكْرًا يَا أُمِّي
A157: ui.quiz | B157: واجهة الوحدة · pack UI | C157: الفصحى Fusha | D157: للجميع both | E157: أَسْئِلَةُ الفَهْمِ
A158: ui.toQ | B158: واجهة الوحدة · pack UI | C158: الفصحى Fusha | D158: ولد boy | E158: لِمَنْ تَكْتُبُ رِسَالَتَكَ؟
A159: ui.toQ | B159: واجهة الوحدة · pack UI | C159: الفصحى Fusha | D159: بنت girl | E159: لِمَنْ تَكْتُبِينَ رِسَالَتَكِ؟
A160: ui.stOpen | B160: واجهة الوحدة · pack UI | C160: الفصحى Fusha | D160: للجميع both | E160: الجُمْلَةُ الافْتِتَاحِيَّةُ
A161: ui.stWhy | B161: واجهة الوحدة · pack UI | C161: الفصحى Fusha | D161: للجميع both | E161: سَبَبُ الرِّسَالَةِ
... A171: ui.pickSim | B171: واجهة الوحدة · pack UI | C171: الفصحى Fusha | D171: بنت girl | E171: اِخْتَارِي صُورَةً لِلتَّشْبِيهِ

Sheet قواعد - تدقيق الإجابات
A1: الرقم ID | B1: الجزيرة · الموضوع Island · topic | C1: اللعبة Game | D1: المستوى Level | E1: النوع Kind | F1: البند (فصحى) Item (Fusha) | G1: إجابتنا Our answer | H1: ما تغيّر / السؤال للمعلّم What changed / question | I1: الحالة Status | J1: ملاحظات المعلّم Teacher notes
A2: gen4 | B2: u4 · المُذَكَّرُ وَالمُؤَنَّثُ | C2: اختيار pick | D2: 3 | E2: تغيير Changed | F2: 🦁 أُنْثَى الأَسَدِ: لَبُؤَةٌ / نَمِرَةٌ / أُسُودٌ | G2: لَبُؤَةٌ | H2: الخيار الخاطئ «أَسَدَةٌ» وارد في المعاجم بمعنى أنثى الأسد، فاستُبدل بـ «نَمِرَةٌ». Wrong option أَسَدَةٌ is dictionary-attested for a lioness → replaced by نَمِرَةٌ.
A3: prep4 | B3: u8 · حُرُوفُ الجَرِّ | C3: اختيار pick | D3: 3 | E3: تغيير Changed | F3: 🏠 رَجَعَ أَبِي ___ العَمَلِ إِلَى البَيْتِ مَسَاءً. (مِنَ / إِلَى / عَلَى) | G3: مِنَ | H3: كانت الجملة «رَجَعَ أَبِي ___ العَمَلِ مَسَاءً» فيصحّ «إِلَى» أيضًا (رجع إلى العمل). أضفنا «إِلَى البَيْتِ». Old sentence also accepted إِلَى as correct Arabic; added إِلَى البَيْتِ so only مِنَ fits.
A4: neg4 | B4: u11 · النَّفْيُ | C4: تصحيح fix | D4: 3 | E4: مراجعة Review | F4: لَمْ آكُلُ الحَلْوَى اليَوْمَ ← لَمْ آكُلِ الحَلْوَى | G4: آكُلِ | H4: الكسر لالتقاء الساكنين (أصلها آكُلْ). هل تفضّلون عرضها بالسكون «آكُلْ» للأطفال؟ Kasra for the meeting of two sukuns; would you rather show the jussive sukun آكُلْ to children?
A5: gen4 | B5: u4 · المُذَكَّرُ وَالمُؤَنَّثُ | C5: اختيار pick | D5: 3 | E5: مراجعة Review | F5: لَبُؤَةٌ | G5: لَبُؤَةٌ | H5: تُكتب أيضًا لَبْؤَةٌ / لَبْوَةٌ. هل هذا الرسم هو المعتمد في المدرسة؟ Also written لَبْؤَةٌ / لَبْوَةٌ: is this the spelling your school uses?
A6: adj5 | B6: u3 · الصِّفَةُ وَالمَوْصُوفُ | C6: بناء build | D6: 3 | E6: مراجعة Review | F6: رَأَيْتُ سَمَكَةً صَفْرَاءَ جَمِيلَةً | G6: هذا الترتيب فقط | H6: يصحّ أيضًا «سَمَكَةً جَمِيلَةً صَفْرَاءَ» لكن اللعبة تقبل ترتيبًا واحدًا. نقترح استبدال جملة بصفة واحدة؟ Two adjective orders are both fine but only one is accepted (a right answer marked wrong, not the reverse).
A7: past5 | B7: u15 · المَاضِي | C7: بناء build | D7: 3 | E7: مراجعة Review | F7: سَافَرْنَا إِلَى الجِبَالِ فِي العُطْلَةِ | G7: هذا الترتيب فقط | H7: يصحّ «سَافَرْنَا فِي العُطْلَةِ إِلَى الجِبَالِ» أيضًا. Alternative order also correct; only one accepted.
A8: sent2 | B8: u10 · الجُمْلَةُ | C8: بناء build | D8: 2 | E8: مراجعة Review | F8: يَلْعَبُ الأَطْفَالُ فِي الحَدِيقَةِ | G8: هذا الترتيب فقط | H8: يصحّ «فِي الحَدِيقَةِ يَلْعَبُ الأَطْفَالُ» نحويًّا، لكن الدرس عن الجملة الفعلية. Fronted order also grammatical; lesson is about verbal sentences.
A9: past11 / pres11 | B9: sc23 · u15 / u9 | C9: بناء build | D9: 3 | E9: مراجعة Review | F9: أَنْتُمْ أَكَلْتُمْ ثُمَّ ذَهَبْتُمْ بِسُرْعَةٍ · أَنْتِ تَعْمَلِينَ ثُمَّ تَسْتَرِيحِينَ قَلِيلًا | G9: هذا الترتيب فقط | H9: تبديل الفعلين حول «ثُمَّ» صحيح نحويًّا ويُرفض. Swapping the two verbs around ثُمَّ is grammatical but rejected.
A10: sc23 7 / 8 | B10: sc23 · رِسَالَةُ شُكْرٍ | C10: بناء build | D10: 3 | E10: مراجعة Review | F10: أَنْتَ كَالجَبَلِ فِي قُوَّتِكَ · أَنْتِ كَالوَرْدِ فِي جَمَالِكِ | G10: هذا الترتيب فقط | H10: «فِي قُوَّتِكَ أَنْتَ كَالجَبَلِ» ممكن بلاغيًّا. Fronted order possible; only one accepted.
A11: sc23 3 | B11: sc23 · رِسَالَةُ شُكْرٍ | C11: اختيار pick | D11: 2 | E11: مراجعة Review | F11: مَا الجُمْلَةُ الافْتِتَاحِيَّةُ؟ | G11: أَتَمَنَّى أَنْ تَكُونَ بِخَيْرٍ | H11: الرسالة تبدأ بـ «أَبِي الحَبِيبُ» (التحية)؛ هل نسمّي «أتمنى…» الجملة الافتتاحية؟ The letter opens with the greeting أَبِي الحَبِيبُ: is أَتَمَنَّى… the "opening sentence" in your curriculum?
A12: neg0 / neg1 | B12: u11 · النَّفْيُ | C12: اختيار pick | D12: 1 | E12: مراجعة Review | F12: 🙅 ___ أُحِبُّ البَصَلَ. (لَا / هَلْ) | G12: لَا | H12: «هَلْ أُحِبُّ البَصَلَ؟» جملة صحيحة لكنها سؤال؛ النقطة والرمز 🙅 يحدّدان النفي. Distractor هَلْ makes a valid question; the full stop and 🙅 rule it out.
A13: UI | B13: كل ألعاب القواعد All grammar games | C13: ألصق النهاية / أين الكلمة / التصحيح | D13: 1–3 | E13: تغيير Changed | F13: شاشة الإجابة الخاطئة | G13: — | H13: كانت الكلمة بالنهاية الخاطئة تظهر بإطار أخضر، والكلمة الخاطئة المنقورة خضراء، والتصحيح الخاطئ لا يظهر. الآن: الخطأ وردي، الصحيح أخضر، وسطر «✗ الجَوَابُ الصَّحِيحُ بِالأَخْضَرِ». A wrong ending/word used to show green; now pink + a clear verdict line.
